postgres,mode,iterations,a_stored,a_rejected,anomalies,b_inserted,b_dropped,table_a_only,table_rows,seconds
fsync-on,LEASE_EQ,20000,19832,168,139,19861,139,139,39693,58.5
fsync-on,LEASE_EQ_FOR_SHARE,20000,8558,11442,0,20000,0,0,28558,59.3
fsync-on,LOG_ORDER,20000,19957,43,0,20000,0,0,39957,85.9
fsync-on,LOG_ORDER_FOR_SHARE,20000,19974,26,0,20000,0,0,39974,73.0
fsync-on,LOG_ORDER_SNAPSHOT,20000,19976,24,3,19997,3,3,39973,76.9
fsync-off,LEASE_EQ,20000,16319,3681,3,19997,3,3,36316,42.7
fsync-off,LEASE_EQ_FOR_SHARE,20000,6011,13989,0,20000,0,0,26011,42.6
fsync-off,LOG_ORDER,20000,19960,40,0,20000,0,0,39960,55.3
fsync-off,LOG_ORDER_FOR_SHARE,20000,19970,30,0,20000,0,0,39970,66.9
fsync-off,LOG_ORDER_SNAPSHOT,20000,19974,26,0,20000,0,0,39974,57.5
