config,producer,linger_ms,commit_ms,rep,isolation,n,p50_ms,p90_ms,p99_ms,max_ms,mean_ms,from_send_p50_ms,from_send_p99_ms,commits,commit_call_mean_ms,commit_call_max_ms,gc_count,gc_ms
idempotent/linger0,idempotent,0,0,1,read_committed,10000,0.515,0.940,9.614,45.982,0.929,0.470,8.566,0,0.0,0.0,31,29
idempotent/linger0,idempotent,0,0,1,read_uncommitted,10000,0.511,0.940,9.672,45.968,0.930,0.467,9.283,0,0.0,0.0,31,29
transactional/linger0/commit10,transactional,0,10,1,read_committed,10000,7.935,18.139,31.731,48.629,9.045,7.866,26.726,1056,2.4,52.3,21,26
transactional/linger0/commit10,transactional,0,10,1,read_uncommitted,10000,0.546,10.978,27.372,41.980,2.866,0.498,23.786,1056,2.4,52.3,21,26
transactional/linger0/commit100,transactional,0,100,1,read_committed,10000,52.608,93.445,102.613,117.120,52.547,52.560,102.387,133,1.3,10.7,25,22
transactional/linger0/commit100,transactional,0,100,1,read_uncommitted,10000,0.566,0.987,18.384,83.544,1.297,0.519,18.333,133,1.3,10.7,25,22
transactional/linger0/commit1000,transactional,0,1000,1,read_committed,10000,478.797,899.153,999.153,1029.834,492.196,478.789,999.104,13,4.0,16.7,24,20
transactional/linger0/commit1000,transactional,0,1000,1,read_uncommitted,10000,0.541,1.877,30.697,96.546,1.832,0.497,30.442,13,4.0,16.7,24,20
idempotent/linger5,idempotent,5,0,1,read_committed,10000,5.256,8.488,40.651,99.844,6.310,5.194,39.203,0,0.0,0.0,8,6
idempotent/linger5,idempotent,5,0,1,read_uncommitted,10000,5.247,8.441,38.382,99.923,6.268,5.187,38.293,0,0.0,0.0,8,6
transactional/linger5/commit10,transactional,5,10,1,read_committed,10000,9.638,16.340,31.628,84.898,10.348,9.569,22.640,1010,2.9,63.5,6,5
transactional/linger5/commit10,transactional,5,10,1,read_uncommitted,10000,5.007,9.844,23.965,73.245,5.883,4.935,14.204,1010,2.9,63.5,6,5
transactional/linger5/commit100,transactional,5,100,1,read_committed,10000,57.616,99.718,112.342,145.568,57.761,57.565,108.739,129,4.7,52.6,4,3
transactional/linger5/commit100,transactional,5,100,1,read_uncommitted,10000,4.967,8.314,18.562,34.150,5.386,4.900,15.106,129,4.7,52.6,4,3
transactional/linger5/commit1000,transactional,5,1000,1,read_committed,10000,480.462,902.012,1002.012,1018.128,494.226,480.414,1001.953,13,4.2,8.9,1,3
transactional/linger5/commit1000,transactional,5,1000,1,read_uncommitted,10000,5.099,8.006,14.802,27.324,5.298,5.038,14.293,13,4.2,8.9,1,3
idempotent/linger0,idempotent,0,0,2,read_committed,10000,0.537,1.014,16.171,49.051,1.046,0.491,16.148,0,0.0,0.0,10,21
idempotent/linger0,idempotent,0,0,2,read_uncommitted,10000,0.540,1.011,15.848,49.072,1.034,0.494,15.825,0,0.0,0.0,10,21
transactional/linger0/commit10,transactional,0,10,2,read_committed,10000,7.148,12.321,60.942,103.880,8.630,7.099,52.874,1148,1.4,47.8,8,9
transactional/linger0/commit10,transactional,0,10,2,read_uncommitted,10000,0.551,1.711,45.328,86.466,2.255,0.502,38.746,1148,1.4,47.8,8,9
transactional/linger0/commit100,transactional,0,100,2,read_committed,10000,54.253,95.815,155.136,204.136,55.213,53.559,134.775,131,2.3,76.7,7,4
transactional/linger0/commit100,transactional,0,100,2,read_uncommitted,10000,0.577,1.947,86.945,135.156,3.298,0.527,58.953,131,2.3,76.7,7,4
transactional/linger0/commit1000,transactional,0,1000,2,read_committed,10000,477.049,894.844,994.844,1015.099,489.065,477.001,994.466,13,2.8,13.3,7,9
transactional/linger0/commit1000,transactional,0,1000,2,read_uncommitted,10000,0.558,1.475,14.015,43.702,1.158,0.511,9.559,13,2.8,13.3,7,9
idempotent/linger5,idempotent,5,0,2,read_committed,10000,5.162,7.978,14.680,28.603,5.357,5.084,14.494,0,0.0,0.0,2,5
idempotent/linger5,idempotent,5,0,2,read_uncommitted,10000,5.169,8.030,15.384,28.621,5.383,5.090,15.020,0,0.0,0.0,2,5
transactional/linger5/commit10,transactional,5,10,2,read_committed,10000,9.962,16.854,35.812,65.901,10.691,9.877,27.866,986,3.2,44.0,2,2
transactional/linger5/commit10,transactional,5,10,2,read_uncommitted,10000,5.140,10.137,30.233,62.255,6.123,5.066,19.409,986,3.2,44.0,2,2
transactional/linger5/commit100,transactional,5,100,2,read_committed,10000,57.676,99.676,112.603,134.294,57.680,57.587,108.282,129,4.5,30.8,2,4
transactional/linger5/commit100,transactional,5,100,2,read_uncommitted,10000,5.658,9.509,23.013,40.939,6.209,5.584,21.067,129,4.5,30.8,2,4
transactional/linger5/commit1000,transactional,5,1000,2,read_committed,10000,480.098,901.712,1001.712,1024.240,493.926,480.058,1001.649,13,4.2,8.3,1,1
transactional/linger5/commit1000,transactional,5,1000,2,read_uncommitted,10000,5.127,7.937,16.641,57.537,5.472,5.047,13.997,13,4.2,8.3,1,1
idempotent/linger0,idempotent,0,0,3,read_committed,10000,0.551,1.102,12.190,45.608,1.002,0.504,8.127,0,0.0,0.0,10,10
idempotent/linger0,idempotent,0,0,3,read_uncommitted,10000,0.553,1.127,12.094,46.630,1.013,0.505,8.246,0,0.0,0.0,10,10
transactional/linger0/commit10,transactional,0,10,3,read_committed,10000,7.009,11.447,33.507,69.127,7.434,6.917,21.787,1149,1.4,30.1,7,9
transactional/linger0/commit10,transactional,0,10,3,read_uncommitted,10000,0.543,1.405,23.288,65.087,1.400,0.496,15.270,1149,1.4,30.1,7,9
transactional/linger0/commit100,transactional,0,100,3,read_committed,10000,52.359,92.987,102.252,116.886,52.297,52.303,101.723,133,1.4,17.9,7,6
transactional/linger0/commit100,transactional,0,100,3,read_uncommitted,10000,0.553,0.897,9.953,43.284,0.908,0.507,9.028,133,1.4,17.9,7,6
transactional/linger0/commit1000,transactional,0,1000,3,read_committed,10000,474.786,892.019,992.019,1005.019,486.709,474.731,991.903,13,1.1,1.8,7,6
transactional/linger0/commit1000,transactional,0,1000,3,read_uncommitted,10000,0.568,1.073,7.704,29.333,0.871,0.519,7.313,13,1.1,1.8,7,6
idempotent/linger5,idempotent,5,0,3,read_committed,10000,4.976,8.121,18.733,30.485,5.374,4.884,18.689,0,0.0,0.0,2,2
idempotent/linger5,idempotent,5,0,3,read_uncommitted,10000,4.962,8.079,18.622,30.466,5.347,4.873,18.574,0,0.0,0.0,2,2
transactional/linger5/commit10,transactional,5,10,3,read_committed,10000,9.655,16.875,29.216,44.637,10.277,9.574,24.320,1009,2.9,28.1,2,3
transactional/linger5/commit10,transactional,5,10,3,read_uncommitted,10000,5.074,10.260,21.896,40.142,5.882,4.981,15.527,1009,2.9,28.1,2,3
transactional/linger5/commit100,transactional,5,100,3,read_committed,10000,55.682,97.158,107.816,116.872,55.665,55.613,105.619,130,3.6,13.2,2,4
transactional/linger5/commit100,transactional,5,100,3,read_uncommitted,10000,4.936,7.902,12.265,21.488,5.103,4.877,10.796,130,3.6,13.2,2,4
transactional/linger5/commit1000,transactional,5,1000,3,read_committed,10000,478.169,897.936,997.936,1012.689,491.042,478.120,997.893,13,3.3,8.6,1,2
transactional/linger5/commit1000,transactional,5,1000,3,read_uncommitted,10000,5.027,7.758,13.322,27.150,5.191,4.962,13.122,13,3.3,8.6,1,2
