config,mode,records_per_tx,linger_ms,rep,records_per_sec,measured_records,producer_total,read_committed_count,commit_call_n,commit_call_p50_ms,commit_call_p90_ms,commit_call_p99_ms,commit_call_max_ms,commit_call_mean_ms,gc_count,gc_ms
transactional-1/linger0,transactional,1,0,1,838.5,8385,10405,10405,8385,0.935,1.289,5.034,84.439,1.183,0,0
transactional-10/linger0,transactional,10,0,1,8983.5,89830,118330,118330,8983,0.909,1.228,4.000,37.110,1.100,1,3
transactional-100/linger0,transactional,100,0,1,69766.1,697700,850200,850200,6977,1.099,1.603,4.911,60.916,1.359,4,14
idempotent-sync/linger0,idempotent-sync,0,0,1,2300.5,23005,29684,29684,0,NaN,NaN,NaN,NaN,NaN,2,3
idempotent-async/linger0,idempotent-async,0,0,1,785696.5,7857172,10663174,10663174,0,NaN,NaN,NaN,NaN,NaN,134,373
transactional-1/linger5,transactional,1,5,1,847.0,8471,10665,10665,8471,0.932,1.377,4.372,47.138,1.172,2,4
transactional-10/linger5,transactional,10,5,1,8865.9,88660,109450,109450,8866,0.914,1.304,4.252,28.017,1.115,5,6
transactional-100/linger5,transactional,100,5,1,80213.9,802100,1073500,1073500,8021,0.962,1.406,4.313,34.021,1.194,22,20
idempotent-sync/linger5,idempotent-sync,0,5,1,127.2,1273,1655,1655,0,NaN,NaN,NaN,NaN,NaN,1,1
idempotent-async/linger5,idempotent-async,0,5,1,711640.3,7116413,9731164,9731164,0,NaN,NaN,NaN,NaN,NaN,133,347
transactional-1/linger0,transactional,1,0,2,771.6,7715,9152,9152,7715,0.941,1.394,6.495,150.889,1.287,4,5
transactional-10/linger0,transactional,10,0,2,9484.6,94840,117720,117720,9484,0.901,1.217,3.345,44.839,1.042,6,4
transactional-100/linger0,transactional,100,0,2,80008.1,800100,1020800,1020800,8001,1.037,1.382,3.700,29.257,1.193,25,21
idempotent-sync/linger0,idempotent-sync,0,0,2,2460.6,24610,31549,31549,0,NaN,NaN,NaN,NaN,NaN,7,5
idempotent-async/linger0,idempotent-async,0,0,2,526473.7,5264950,7736462,7736462,0,NaN,NaN,NaN,NaN,NaN,98,343
transactional-1/linger5,transactional,1,5,2,764.9,7665,10118,10118,7665,0.963,1.560,6.215,71.824,1.297,2,1
transactional-10/linger5,transactional,10,5,2,9436.0,94370,117530,117530,9437,0.889,1.248,3.199,98.719,1.046,5,8
transactional-100/linger5,transactional,100,5,2,63244.3,632100,693100,693100,6321,1.114,1.939,8.351,163.797,1.524,15,29
idempotent-sync/linger5,idempotent-sync,0,5,2,129.9,1300,1677,1677,0,NaN,NaN,NaN,NaN,NaN,0,0
idempotent-async/linger5,idempotent-async,0,5,2,834839.1,8348384,10797142,10797142,0,NaN,NaN,NaN,NaN,NaN,144,398
transactional-1/linger0,transactional,1,0,3,825.1,8251,10978,10978,8251,0.925,1.425,4.275,280.398,1.203,5,5
transactional-10/linger0,transactional,10,0,3,8435.2,84350,111030,111030,8435,0.966,1.428,3.683,52.860,1.171,6,7
transactional-100/linger0,transactional,100,0,3,63256.0,632600,863700,863700,6326,1.101,2.053,8.452,181.131,1.514,24,36
idempotent-sync/linger0,idempotent-sync,0,0,3,1677.3,16773,21531,21531,0,NaN,NaN,NaN,NaN,NaN,6,8
idempotent-async/linger0,idempotent-async,0,0,3,599058.9,5990300,8245763,8245763,0,NaN,NaN,NaN,NaN,NaN,99,348
transactional-1/linger5,transactional,1,5,3,572.8,5727,7822,7822,5727,1.204,2.200,10.895,216.607,1.729,4,5
transactional-10/linger5,transactional,10,5,3,5901.4,59010,72940,72940,5901,1.047,2.217,11.719,237.712,1.676,4,5
transactional-100/linger5,transactional,100,5,3,75931.8,759300,951700,951700,7593,1.034,1.509,4.581,170.994,1.269,21,22
idempotent-sync/linger5,idempotent-sync,0,5,3,121.7,1218,1594,1594,0,NaN,NaN,NaN,NaN,NaN,0,0
idempotent-async/linger5,idempotent-async,0,5,3,577264.6,5772738,8050607,8050607,0,NaN,NaN,NaN,NaN,NaN,94,307
