run,inserts_per_sec,before_wal_files,before_checkpoints,before_wal_mb,before_wal_sync,after_wal_files,after_checkpoints,after_wal_mb,after_wal_sync
1,11672.7,1,1,9.0,3,3,1,31.8,38435
2,11531.0,3,1,31.8,38435,4,1,55.4,78102
3,11064.7,4,1,55.4,78102,6,1,79.9,119038
4,9313.1,6,1,79.9,119038,7,1,98.6,150585
5,11713.8,7,1,98.6,150585,9,1,123.0,191532
6,11723.2,9,1,123.4,192247,10,1,147.9,233469
7,11968.9,10,1,147.9,233469,12,1,174.0,276826
8,11760.3,12,1,174.0,276826,13,1,197.9,316939
9,11583.8,13,1,197.9,316939,15,1,222.7,358297
10,12544.6,15,1,222.7,358297,17,1,249.1,402618
