mode,connections,distribution,rep,samples,wait_event,active_backends_sum
PLAIN,1,hot,1,77,CPU/-,4
PLAIN,1,hot,1,77,IO/WALSync,29
PLAIN,1,hot,1,77,IO/WALWrite,2
LEASE_EQ,1,hot,1,73,CPU/-,5
LEASE_EQ,1,hot,1,73,IO/DataFileExtend,1
LEASE_EQ,1,hot,1,73,IO/WALSync,18
LEASE_EQ,1,hot,1,73,IO/WALWrite,1
LEASE_EQ_FOR_SHARE,1,hot,1,75,CPU/-,3
LEASE_EQ_FOR_SHARE,1,hot,1,75,Client/ClientRead,1
LEASE_EQ_FOR_SHARE,1,hot,1,75,IO/WALSync,13
LEASE_EQ_FOR_SHARE,1,hot,1,75,IO/WALWrite,1
LOG_ORDER,1,hot,1,78,CPU/-,6
LOG_ORDER,1,hot,1,78,IO/WALSync,19
LOG_ORDER,1,hot,1,78,IO/WALWrite,2
PLAIN,8,hot,1,76,CPU/-,27
PLAIN,8,hot,1,76,Client/ClientRead,5
PLAIN,8,hot,1,76,IO/WALSync,52
PLAIN,8,hot,1,76,IO/WALWrite,1
PLAIN,8,hot,1,76,LWLock/BufferContent,1
PLAIN,8,hot,1,76,LWLock/WALWrite,155
LEASE_EQ,8,hot,1,76,CPU/-,25
LEASE_EQ,8,hot,1,76,Client/ClientRead,8
LEASE_EQ,8,hot,1,76,IO/SLRUWrite,1
LEASE_EQ,8,hot,1,76,IO/WALSync,46
LEASE_EQ,8,hot,1,76,IO/WALWrite,1
LEASE_EQ,8,hot,1,76,LWLock/WALWrite,146
LEASE_EQ_FOR_SHARE,8,hot,1,72,CPU/-,24
LEASE_EQ_FOR_SHARE,8,hot,1,72,IO/WALSync,43
LEASE_EQ_FOR_SHARE,8,hot,1,72,IO/WALWrite,2
LEASE_EQ_FOR_SHARE,8,hot,1,72,LWLock/BufferContent,8
LEASE_EQ_FOR_SHARE,8,hot,1,72,LWLock/WALWrite,124
LEASE_EQ_FOR_SHARE,8,hot,1,72,Timeout/SpinDelay,2
LOG_ORDER,8,hot,1,77,CPU/-,45
LOG_ORDER,8,hot,1,77,Client/ClientRead,2
LOG_ORDER,8,hot,1,77,IO/WALSync,48
LOG_ORDER,8,hot,1,77,LWLock/BufferContent,8
LOG_ORDER,8,hot,1,77,LWLock/LockManager,36
LOG_ORDER,8,hot,1,77,Lock/transactionid,269
LOG_ORDER,8,hot,1,77,Lock/tuple,14
PLAIN,32,hot,1,77,CPU/-,51
PLAIN,32,hot,1,77,Client/ClientRead,36
PLAIN,32,hot,1,77,IO/WALInitWrite,1
PLAIN,32,hot,1,77,IO/WALSync,60
PLAIN,32,hot,1,77,IO/WALWrite,2
PLAIN,32,hot,1,77,LWLock/BufferContent,43
PLAIN,32,hot,1,77,LWLock/WALInsert,2
PLAIN,32,hot,1,77,LWLock/WALWrite,829
PLAIN,32,hot,1,77,LWLock/XidGen,2
PLAIN,32,hot,1,77,Timeout/SpinDelay,5
LEASE_EQ,32,hot,1,70,CPU/-,45
LEASE_EQ,32,hot,1,70,Client/ClientRead,51
LEASE_EQ,32,hot,1,70,IO/WALSync,52
LEASE_EQ,32,hot,1,70,IO/WALWrite,2
LEASE_EQ,32,hot,1,70,LWLock/BufferContent,29
LEASE_EQ,32,hot,1,70,LWLock/LockManager,1
LEASE_EQ,32,hot,1,70,LWLock/WALInsert,14
LEASE_EQ,32,hot,1,70,LWLock/WALWrite,739
LEASE_EQ,32,hot,1,70,LWLock/XidGen,2
LEASE_EQ,32,hot,1,70,Timeout/SpinDelay,3
LEASE_EQ_FOR_SHARE,32,hot,1,71,CPU/-,52
LEASE_EQ_FOR_SHARE,32,hot,1,71,Client/ClientRead,45
LEASE_EQ_FOR_SHARE,32,hot,1,71,IO/WALSync,52
LEASE_EQ_FOR_SHARE,32,hot,1,71,IO/WALWrite,1
LEASE_EQ_FOR_SHARE,32,hot,1,71,LWLock/BufferContent,63
LEASE_EQ_FOR_SHARE,32,hot,1,71,LWLock/ProcArray,1
LEASE_EQ_FOR_SHARE,32,hot,1,71,LWLock/WALInsert,3
LEASE_EQ_FOR_SHARE,32,hot,1,71,LWLock/WALWrite,649
LEASE_EQ_FOR_SHARE,32,hot,1,71,Timeout/SpinDelay,12
LOG_ORDER,32,hot,1,77,CPU/-,74
LOG_ORDER,32,hot,1,77,Client/ClientRead,11
LOG_ORDER,32,hot,1,77,IO/WALSync,56
LOG_ORDER,32,hot,1,77,LWLock/BufferContent,41
LOG_ORDER,32,hot,1,77,LWLock/LockManager,501
LOG_ORDER,32,hot,1,77,Lock/transactionid,1422
LOG_ORDER,32,hot,1,77,Lock/tuple,77
PLAIN,1,spread,1,78,CPU/-,7
PLAIN,1,spread,1,78,Client/ClientRead,1
PLAIN,1,spread,1,78,IO/WALSync,23
LEASE_EQ,1,spread,1,77,CPU/-,8
LEASE_EQ,1,spread,1,77,IO/WALSync,22
LEASE_EQ,1,spread,1,77,IO/WALWrite,2
LEASE_EQ_FOR_SHARE,1,spread,1,77,CPU/-,3
LEASE_EQ_FOR_SHARE,1,spread,1,77,IO/WALInitSync,1
LEASE_EQ_FOR_SHARE,1,spread,1,77,IO/WALSync,19
LEASE_EQ_FOR_SHARE,1,spread,1,77,IO/WALWrite,1
LOG_ORDER,1,spread,1,78,CPU/-,3
LOG_ORDER,1,spread,1,78,IO/WALSync,25
LOG_ORDER,1,spread,1,78,IO/WALWrite,1
PLAIN,8,spread,1,78,CPU/-,13
PLAIN,8,spread,1,78,Client/ClientRead,19
PLAIN,8,spread,1,78,IO/WALSync,60
PLAIN,8,spread,1,78,IO/WALWrite,1
PLAIN,8,spread,1,78,LWLock/WALWrite,152
LEASE_EQ,8,spread,1,77,CPU/-,20
LEASE_EQ,8,spread,1,77,Client/ClientRead,16
LEASE_EQ,8,spread,1,77,IO/WALSync,60
LEASE_EQ,8,spread,1,77,IO/WALWrite,2
LEASE_EQ,8,spread,1,77,LWLock/WALWrite,219
LEASE_EQ_FOR_SHARE,8,spread,1,78,CPU/-,18
LEASE_EQ_FOR_SHARE,8,spread,1,78,Client/ClientRead,13
LEASE_EQ_FOR_SHARE,8,spread,1,78,IO/DataFileExtend,1
LEASE_EQ_FOR_SHARE,8,spread,1,78,IO/WALSync,57
LEASE_EQ_FOR_SHARE,8,spread,1,78,IO/WALWrite,2
LEASE_EQ_FOR_SHARE,8,spread,1,78,LWLock/BufferContent,1
LEASE_EQ_FOR_SHARE,8,spread,1,78,LWLock/WALInsert,4
LEASE_EQ_FOR_SHARE,8,spread,1,78,LWLock/WALWrite,187
LEASE_EQ_FOR_SHARE,8,spread,1,78,LWLock/XidGen,1
LOG_ORDER,8,spread,1,78,CPU/-,23
LOG_ORDER,8,spread,1,78,Client/ClientRead,13
LOG_ORDER,8,spread,1,78,IO/WALInitSync,1
LOG_ORDER,8,spread,1,78,IO/WALSync,61
LOG_ORDER,8,spread,1,78,IO/WALWrite,1
LOG_ORDER,8,spread,1,78,LWLock/BufferContent,1
LOG_ORDER,8,spread,1,78,LWLock/WALWrite,169
LOG_ORDER,8,spread,1,78,Lock/transactionid,1
PLAIN,32,spread,1,78,CPU/-,58
PLAIN,32,spread,1,78,Client/ClientRead,63
PLAIN,32,spread,1,78,IO/WALSync,64
PLAIN,32,spread,1,78,IO/WALWrite,2
PLAIN,32,spread,1,78,LWLock/BufferContent,2
PLAIN,32,spread,1,78,LWLock/WALWrite,989
PLAIN,32,spread,1,78,LWLock/XidGen,2
LEASE_EQ,32,spread,1,77,CPU/-,63
LEASE_EQ,32,spread,1,77,Client/ClientRead,53
LEASE_EQ,32,spread,1,77,IO/WALSync,62
LEASE_EQ,32,spread,1,77,IO/WALWrite,3
LEASE_EQ,32,spread,1,77,IPC/ProcArrayGroupUpdate,7
LEASE_EQ,32,spread,1,77,LWLock/BufferContent,1
LEASE_EQ,32,spread,1,77,LWLock/WALWrite,944
LEASE_EQ,32,spread,1,77,LWLock/XidGen,1
LEASE_EQ_FOR_SHARE,32,spread,1,77,CPU/-,56
LEASE_EQ_FOR_SHARE,32,spread,1,77,Client/ClientRead,44
LEASE_EQ_FOR_SHARE,32,spread,1,77,IO/SLRUWrite,1
LEASE_EQ_FOR_SHARE,32,spread,1,77,IO/WALSync,58
LEASE_EQ_FOR_SHARE,32,spread,1,77,IO/WALWrite,3
LEASE_EQ_FOR_SHARE,32,spread,1,77,IPC/ProcArrayGroupUpdate,3
LEASE_EQ_FOR_SHARE,32,spread,1,77,LWLock/BufferContent,8
LEASE_EQ_FOR_SHARE,32,spread,1,77,LWLock/WALInsert,1
LEASE_EQ_FOR_SHARE,32,spread,1,77,LWLock/WALWrite,916
LEASE_EQ_FOR_SHARE,32,spread,1,77,LWLock/XidGen,1
LOG_ORDER,32,spread,1,77,CPU/-,70
LOG_ORDER,32,spread,1,77,Client/ClientRead,58
LOG_ORDER,32,spread,1,77,IO/WALSync,62
LOG_ORDER,32,spread,1,77,IO/WALWrite,5
LOG_ORDER,32,spread,1,77,IPC/ProcArrayGroupUpdate,4
LOG_ORDER,32,spread,1,77,LWLock/BufferContent,5
LOG_ORDER,32,spread,1,77,LWLock/LockManager,1
LOG_ORDER,32,spread,1,77,LWLock/WALInsert,30
LOG_ORDER,32,spread,1,77,LWLock/WALWrite,1079
LOG_ORDER,32,spread,1,77,LWLock/XactSLRU,1
LOG_ORDER,32,spread,1,77,Lock/transactionid,15
PLAIN,1,hot,2,78,CPU/-,3
PLAIN,1,hot,2,78,IO/WALSync,24
LEASE_EQ,1,hot,2,77,CPU/-,3
LEASE_EQ,1,hot,2,77,Client/ClientRead,1
LEASE_EQ,1,hot,2,77,IO/WALSync,23
LEASE_EQ_FOR_SHARE,1,hot,2,77,CPU/-,3
LEASE_EQ_FOR_SHARE,1,hot,2,77,IO/WALSync,20
LOG_ORDER,1,hot,2,75,CPU/-,3
LOG_ORDER,1,hot,2,75,IO/WALSync,19
LOG_ORDER,1,hot,2,75,IO/WALWrite,1
PLAIN,8,hot,2,79,CPU/-,21
PLAIN,8,hot,2,79,Client/ClientRead,11
PLAIN,8,hot,2,79,IO/WALSync,65
PLAIN,8,hot,2,79,IO/WALWrite,1
PLAIN,8,hot,2,79,LWLock/WALWrite,221
LEASE_EQ,8,hot,2,78,CPU/-,18
LEASE_EQ,8,hot,2,78,Client/ClientRead,18
LEASE_EQ,8,hot,2,78,IO/WALSync,62
LEASE_EQ,8,hot,2,78,IO/WALWrite,1
LEASE_EQ,8,hot,2,78,LWLock/BufferContent,1
LEASE_EQ,8,hot,2,78,LWLock/WALWrite,205
LEASE_EQ,8,hot,2,78,Timeout/SpinDelay,1
LEASE_EQ_FOR_SHARE,8,hot,2,78,CPU/-,21
LEASE_EQ_FOR_SHARE,8,hot,2,78,Client/ClientRead,5
LEASE_EQ_FOR_SHARE,8,hot,2,78,IO/WALInitSync,1
LEASE_EQ_FOR_SHARE,8,hot,2,78,IO/WALSync,62
LEASE_EQ_FOR_SHARE,8,hot,2,78,IO/WALWrite,1
LEASE_EQ_FOR_SHARE,8,hot,2,78,LWLock/BufferContent,6
LEASE_EQ_FOR_SHARE,8,hot,2,78,LWLock/WALWrite,167
LOG_ORDER,8,hot,2,77,CPU/-,29
LOG_ORDER,8,hot,2,77,Client/ClientRead,4
LOG_ORDER,8,hot,2,77,IO/DataFileExtend,1
LOG_ORDER,8,hot,2,77,IO/WALSync,58
LOG_ORDER,8,hot,2,77,IO/WALWrite,2
LOG_ORDER,8,hot,2,77,LWLock/BufferContent,5
LOG_ORDER,8,hot,2,77,LWLock/LockManager,5
LOG_ORDER,8,hot,2,77,Lock/transactionid,341
LOG_ORDER,8,hot,2,77,Lock/tuple,15
PLAIN,32,hot,2,78,CPU/-,48
PLAIN,32,hot,2,78,Client/ClientRead,61
PLAIN,32,hot,2,78,IO/WALSync,61
PLAIN,32,hot,2,78,IO/WALWrite,3
PLAIN,32,hot,2,78,LWLock/BufferContent,39
PLAIN,32,hot,2,78,LWLock/WALWrite,952
PLAIN,32,hot,2,78,Timeout/SpinDelay,5
LEASE_EQ,32,hot,2,77,CPU/-,49
LEASE_EQ,32,hot,2,77,Client/ClientRead,59
LEASE_EQ,32,hot,2,77,IO/DataFileExtend,1
LEASE_EQ,32,hot,2,77,IO/WALSync,62
LEASE_EQ,32,hot,2,77,IO/WALWrite,4
LEASE_EQ,32,hot,2,77,LWLock/BufferContent,24
LEASE_EQ,32,hot,2,77,LWLock/WALInsert,23
LEASE_EQ,32,hot,2,77,LWLock/WALWrite,996
LEASE_EQ,32,hot,2,77,LWLock/XidGen,7
LEASE_EQ_FOR_SHARE,32,hot,2,78,CPU/-,60
LEASE_EQ_FOR_SHARE,32,hot,2,78,Client/ClientRead,73
LEASE_EQ_FOR_SHARE,32,hot,2,78,IO/WALSync,64
LEASE_EQ_FOR_SHARE,32,hot,2,78,IO/WALWrite,3
LEASE_EQ_FOR_SHARE,32,hot,2,78,IPC/ProcArrayGroupUpdate,9
LEASE_EQ_FOR_SHARE,32,hot,2,78,IPC/XactGroupUpdate,7
LEASE_EQ_FOR_SHARE,32,hot,2,78,LWLock/BufferContent,70
LEASE_EQ_FOR_SHARE,32,hot,2,78,LWLock/LockManager,1
LEASE_EQ_FOR_SHARE,32,hot,2,78,LWLock/ProcArray,1
LEASE_EQ_FOR_SHARE,32,hot,2,78,LWLock/WALInsert,1
LEASE_EQ_FOR_SHARE,32,hot,2,78,LWLock/WALWrite,1012
LEASE_EQ_FOR_SHARE,32,hot,2,78,Timeout/SpinDelay,1
LOG_ORDER,32,hot,2,77,CPU/-,85
LOG_ORDER,32,hot,2,77,Client/ClientRead,6
LOG_ORDER,32,hot,2,77,IO/DataFileExtend,1
LOG_ORDER,32,hot,2,77,IO/WALSync,51
LOG_ORDER,32,hot,2,77,IO/WALWrite,2
LOG_ORDER,32,hot,2,77,LWLock/BufferContent,30
LOG_ORDER,32,hot,2,77,LWLock/LockManager,549
LOG_ORDER,32,hot,2,77,Lock/transactionid,1510
LOG_ORDER,32,hot,2,77,Lock/tuple,78
PLAIN,1,spread,2,76,CPU/-,3
PLAIN,1,spread,2,76,Client/ClientRead,1
PLAIN,1,spread,2,76,IO/WALSync,29
PLAIN,1,spread,2,76,IO/WALWrite,1
LEASE_EQ,1,spread,2,77,CPU/-,6
LEASE_EQ,1,spread,2,77,Client/ClientRead,1
LEASE_EQ,1,spread,2,77,IO/WALSync,16
LEASE_EQ_FOR_SHARE,1,spread,2,77,CPU/-,5
LEASE_EQ_FOR_SHARE,1,spread,2,77,Client/ClientRead,1
LEASE_EQ_FOR_SHARE,1,spread,2,77,IO/WALSync,24
LOG_ORDER,1,spread,2,77,CPU/-,3
LOG_ORDER,1,spread,2,77,Client/ClientRead,2
LOG_ORDER,1,spread,2,77,IO/WALSync,23
LOG_ORDER,1,spread,2,77,IO/WALWrite,3
PLAIN,8,spread,2,78,CPU/-,16
PLAIN,8,spread,2,78,Client/ClientRead,14
PLAIN,8,spread,2,78,IO/WALSync,67
PLAIN,8,spread,2,78,LWLock/WALWrite,163
LEASE_EQ,8,spread,2,78,CPU/-,25
LEASE_EQ,8,spread,2,78,Client/ClientRead,11
LEASE_EQ,8,spread,2,78,IO/WALSync,56
LEASE_EQ,8,spread,2,78,IO/WALWrite,2
LEASE_EQ,8,spread,2,78,LWLock/WALWrite,215
LEASE_EQ_FOR_SHARE,8,spread,2,79,CPU/-,13
LEASE_EQ_FOR_SHARE,8,spread,2,79,Client/ClientRead,13
LEASE_EQ_FOR_SHARE,8,spread,2,79,IO/WALSync,68
LEASE_EQ_FOR_SHARE,8,spread,2,79,IO/WALWrite,1
LEASE_EQ_FOR_SHARE,8,spread,2,79,LWLock/WALInsert,1
LEASE_EQ_FOR_SHARE,8,spread,2,79,LWLock/WALWrite,202
LOG_ORDER,8,spread,2,78,CPU/-,26
LOG_ORDER,8,spread,2,78,Client/ClientRead,6
LOG_ORDER,8,spread,2,78,IO/WALSync,54
LOG_ORDER,8,spread,2,78,IO/WALWrite,4
LOG_ORDER,8,spread,2,78,LWLock/WALWrite,216
PLAIN,32,spread,2,77,CPU/-,52
PLAIN,32,spread,2,77,Client/ClientRead,56
PLAIN,32,spread,2,77,IO/SLRUWrite,1
PLAIN,32,spread,2,77,IO/WALSync,59
PLAIN,32,spread,2,77,IO/WALWrite,2
PLAIN,32,spread,2,77,LWLock/BufferContent,1
PLAIN,32,spread,2,77,LWLock/WALInsert,1
PLAIN,32,spread,2,77,LWLock/WALWrite,968
PLAIN,32,spread,2,77,LWLock/XactSLRU,1
PLAIN,32,spread,2,77,LWLock/XidGen,4
PLAIN,32,spread,2,77,Lock/extend,2
LEASE_EQ,32,spread,2,78,CPU/-,51
LEASE_EQ,32,spread,2,78,Client/ClientRead,104
LEASE_EQ,32,spread,2,78,IO/DataFileExtend,1
LEASE_EQ,32,spread,2,78,IO/WALSync,56
LEASE_EQ,32,spread,2,78,IO/WALWrite,4
LEASE_EQ,32,spread,2,78,LWLock/BufferContent,2
LEASE_EQ,32,spread,2,78,LWLock/WALBufMapping,3
LEASE_EQ,32,spread,2,78,LWLock/WALInsert,8
LEASE_EQ,32,spread,2,78,LWLock/WALWrite,1061
LEASE_EQ,32,spread,2,78,LWLock/XactSLRU,1
LEASE_EQ,32,spread,2,78,Timeout/SpinDelay,10
LEASE_EQ_FOR_SHARE,32,spread,2,77,CPU/-,56
LEASE_EQ_FOR_SHARE,32,spread,2,77,Client/ClientRead,70
LEASE_EQ_FOR_SHARE,32,spread,2,77,IO/WALSync,63
LEASE_EQ_FOR_SHARE,32,spread,2,77,IO/WALWrite,1
LEASE_EQ_FOR_SHARE,32,spread,2,77,IPC/ProcArrayGroupUpdate,2
LEASE_EQ_FOR_SHARE,32,spread,2,77,LWLock/BufferContent,6
LEASE_EQ_FOR_SHARE,32,spread,2,77,LWLock/LockManager,3
LEASE_EQ_FOR_SHARE,32,spread,2,77,LWLock/ProcArray,1
LEASE_EQ_FOR_SHARE,32,spread,2,77,LWLock/WALInsert,6
LEASE_EQ_FOR_SHARE,32,spread,2,77,LWLock/WALWrite,1020
LEASE_EQ_FOR_SHARE,32,spread,2,77,Timeout/SpinDelay,8
LOG_ORDER,32,spread,2,77,CPU/-,67
LOG_ORDER,32,spread,2,77,Client/ClientRead,48
LOG_ORDER,32,spread,2,77,IO/DataFileExtend,1
LOG_ORDER,32,spread,2,77,IO/WALSync,63
LOG_ORDER,32,spread,2,77,IO/WALWrite,2
LOG_ORDER,32,spread,2,77,IPC/ProcArrayGroupUpdate,8
LOG_ORDER,32,spread,2,77,LWLock/BufferContent,4
LOG_ORDER,32,spread,2,77,LWLock/LockManager,5
LOG_ORDER,32,spread,2,77,LWLock/ProcArray,1
LOG_ORDER,32,spread,2,77,LWLock/WALWrite,1099
LOG_ORDER,32,spread,2,77,LWLock/XactSLRU,1
LOG_ORDER,32,spread,2,77,Lock/transactionid,11
LOG_ORDER,32,spread,2,77,Timeout/SpinDelay,1
PLAIN,1,hot,3,77,CPU/-,4
PLAIN,1,hot,3,77,Client/ClientRead,1
PLAIN,1,hot,3,77,IO/WALSync,20
PLAIN,1,hot,3,77,IO/WALWrite,1
LEASE_EQ,1,hot,3,77,CPU/-,7
LEASE_EQ,1,hot,3,77,Client/ClientRead,1
LEASE_EQ,1,hot,3,77,IO/WALSync,19
LEASE_EQ,1,hot,3,77,IO/WALWrite,1
LEASE_EQ_FOR_SHARE,1,hot,3,78,CPU/-,2
LEASE_EQ_FOR_SHARE,1,hot,3,78,IO/WALSync,22
LOG_ORDER,1,hot,3,77,CPU/-,8
LOG_ORDER,1,hot,3,77,IO/WALSync,33
LOG_ORDER,1,hot,3,77,IO/WALWrite,1
PLAIN,8,hot,3,78,CPU/-,26
PLAIN,8,hot,3,78,Client/ClientRead,20
PLAIN,8,hot,3,78,IO/DataFileExtend,1
PLAIN,8,hot,3,78,IO/WALSync,55
PLAIN,8,hot,3,78,IO/WALWrite,4
PLAIN,8,hot,3,78,LWLock/WALWrite,163
LEASE_EQ,8,hot,3,79,CPU/-,24
LEASE_EQ,8,hot,3,79,Client/ClientRead,8
LEASE_EQ,8,hot,3,79,IO/WALSync,61
LEASE_EQ,8,hot,3,79,IO/WALWrite,2
LEASE_EQ,8,hot,3,79,LWLock/WALWrite,155
LEASE_EQ_FOR_SHARE,8,hot,3,79,CPU/-,26
LEASE_EQ_FOR_SHARE,8,hot,3,79,Client/ClientRead,13
LEASE_EQ_FOR_SHARE,8,hot,3,79,IO/WALSync,59
LEASE_EQ_FOR_SHARE,8,hot,3,79,LWLock/BufferContent,4
LEASE_EQ_FOR_SHARE,8,hot,3,79,LWLock/WALWrite,170
LOG_ORDER,8,hot,3,77,CPU/-,32
LOG_ORDER,8,hot,3,77,Client/ClientRead,3
LOG_ORDER,8,hot,3,77,IO/WALSync,54
LOG_ORDER,8,hot,3,77,IO/WALWrite,1
LOG_ORDER,8,hot,3,77,LWLock/BufferContent,3
LOG_ORDER,8,hot,3,77,LWLock/LockManager,16
LOG_ORDER,8,hot,3,77,Lock/transactionid,322
LOG_ORDER,8,hot,3,77,Lock/tuple,25
PLAIN,32,hot,3,79,CPU/-,53
PLAIN,32,hot,3,79,Client/ClientRead,62
PLAIN,32,hot,3,79,IO/WALSync,66
PLAIN,32,hot,3,79,IO/WALWrite,2
PLAIN,32,hot,3,79,LWLock/BufferContent,7
PLAIN,32,hot,3,79,LWLock/WALWrite,960
PLAIN,32,hot,3,79,Timeout/SpinDelay,6
LEASE_EQ,32,hot,3,78,CPU/-,49
LEASE_EQ,32,hot,3,78,Client/ClientRead,49
LEASE_EQ,32,hot,3,78,IO/WALSync,65
LEASE_EQ,32,hot,3,78,IO/WALWrite,1
LEASE_EQ,32,hot,3,78,IPC/ProcArrayGroupUpdate,13
LEASE_EQ,32,hot,3,78,LWLock/BufferContent,14
LEASE_EQ,32,hot,3,78,LWLock/ProcArray,2
LEASE_EQ,32,hot,3,78,LWLock/WALInsert,8
LEASE_EQ,32,hot,3,78,LWLock/WALWrite,949
LEASE_EQ,32,hot,3,78,LWLock/XidGen,7
LEASE_EQ_FOR_SHARE,32,hot,3,78,CPU/-,75
LEASE_EQ_FOR_SHARE,32,hot,3,78,Client/ClientRead,67
LEASE_EQ_FOR_SHARE,32,hot,3,78,IO/WALSync,65
LEASE_EQ_FOR_SHARE,32,hot,3,78,IO/WALWrite,2
LEASE_EQ_FOR_SHARE,32,hot,3,78,LWLock/BufferContent,118
LEASE_EQ_FOR_SHARE,32,hot,3,78,LWLock/ProcArray,1
LEASE_EQ_FOR_SHARE,32,hot,3,78,LWLock/WALInsert,17
LEASE_EQ_FOR_SHARE,32,hot,3,78,LWLock/WALWrite,957
LEASE_EQ_FOR_SHARE,32,hot,3,78,Timeout/SpinDelay,6
LOG_ORDER,32,hot,3,78,CPU/-,122
LOG_ORDER,32,hot,3,78,Client/ClientRead,8
LOG_ORDER,32,hot,3,78,IO/WALSync,46
LOG_ORDER,32,hot,3,78,IO/WALWrite,2
LOG_ORDER,32,hot,3,78,LWLock/BufferContent,31
LOG_ORDER,32,hot,3,78,LWLock/LockManager,605
LOG_ORDER,32,hot,3,78,Lock/transactionid,1310
LOG_ORDER,32,hot,3,78,Lock/tuple,189
LOG_ORDER,32,hot,3,78,Timeout/SpinDelay,3
PLAIN,1,spread,3,78,CPU/-,3
PLAIN,1,spread,3,78,IO/WALSync,29
LEASE_EQ,1,spread,3,77,CPU/-,2
LEASE_EQ,1,spread,3,77,IO/WALSync,28
LEASE_EQ,1,spread,3,77,IO/WALWrite,1
LEASE_EQ_FOR_SHARE,1,spread,3,77,CPU/-,4
LEASE_EQ_FOR_SHARE,1,spread,3,77,IO/WALSync,21
LOG_ORDER,1,spread,3,77,CPU/-,5
LOG_ORDER,1,spread,3,77,IO/WALSync,31
PLAIN,8,spread,3,79,CPU/-,22
PLAIN,8,spread,3,79,Client/ClientRead,19
PLAIN,8,spread,3,79,IO/WALSync,66
PLAIN,8,spread,3,79,IO/WALWrite,2
PLAIN,8,spread,3,79,LWLock/ProcArray,1
PLAIN,8,spread,3,79,LWLock/WALWrite,188
LEASE_EQ,8,spread,3,78,CPU/-,27
LEASE_EQ,8,spread,3,78,Client/ClientRead,8
LEASE_EQ,8,spread,3,78,IO/DataFileExtend,1
LEASE_EQ,8,spread,3,78,IO/WALSync,62
LEASE_EQ,8,spread,3,78,IO/WALWrite,2
LEASE_EQ,8,spread,3,78,LWLock/WALWrite,198
LEASE_EQ_FOR_SHARE,8,spread,3,79,CPU/-,27
LEASE_EQ_FOR_SHARE,8,spread,3,79,Client/ClientRead,20
LEASE_EQ_FOR_SHARE,8,spread,3,79,IO/WALSync,66
LEASE_EQ_FOR_SHARE,8,spread,3,79,IO/WALWrite,2
LEASE_EQ_FOR_SHARE,8,spread,3,79,LWLock/WALWrite,222
LOG_ORDER,8,spread,3,79,CPU/-,28
LOG_ORDER,8,spread,3,79,Client/ClientRead,10
LOG_ORDER,8,spread,3,79,IO/WALSync,66
LOG_ORDER,8,spread,3,79,IO/WALWrite,3
LOG_ORDER,8,spread,3,79,LWLock/BufferContent,1
LOG_ORDER,8,spread,3,79,LWLock/WALWrite,204
LOG_ORDER,8,spread,3,79,Lock/transactionid,1
PLAIN,32,spread,3,78,CPU/-,49
PLAIN,32,spread,3,78,Client/ClientRead,67
PLAIN,32,spread,3,78,IO/DataFileExtend,1
PLAIN,32,spread,3,78,IO/WALSync,66
PLAIN,32,spread,3,78,IO/WALWrite,1
PLAIN,32,spread,3,78,LWLock/WALWrite,1019
PLAIN,32,spread,3,78,Timeout/SpinDelay,1
LEASE_EQ,32,spread,3,79,CPU/-,55
LEASE_EQ,32,spread,3,79,Client/ClientRead,83
LEASE_EQ,32,spread,3,79,IO/WALSync,60
LEASE_EQ,32,spread,3,79,IO/WALWrite,4
LEASE_EQ,32,spread,3,79,IPC/ProcArrayGroupUpdate,5
LEASE_EQ,32,spread,3,79,LWLock/BufferContent,1
LEASE_EQ,32,spread,3,79,LWLock/LockManager,1
LEASE_EQ,32,spread,3,79,LWLock/WALInsert,8
LEASE_EQ,32,spread,3,79,LWLock/WALWrite,962
LEASE_EQ,32,spread,3,79,Lock/extend,1
LEASE_EQ,32,spread,3,79,Timeout/SpinDelay,10
LEASE_EQ_FOR_SHARE,32,spread,3,77,CPU/-,58
LEASE_EQ_FOR_SHARE,32,spread,3,77,Client/ClientRead,55
LEASE_EQ_FOR_SHARE,32,spread,3,77,IO/WALSync,65
LEASE_EQ_FOR_SHARE,32,spread,3,77,IO/WALWrite,1
LEASE_EQ_FOR_SHARE,32,spread,3,77,IPC/ProcArrayGroupUpdate,1
LEASE_EQ_FOR_SHARE,32,spread,3,77,LWLock/BufferContent,1
LEASE_EQ_FOR_SHARE,32,spread,3,77,LWLock/WALInsert,1
LEASE_EQ_FOR_SHARE,32,spread,3,77,LWLock/WALWrite,899
LEASE_EQ_FOR_SHARE,32,spread,3,77,Lock/extend,13
LEASE_EQ_FOR_SHARE,32,spread,3,77,Timeout/SpinDelay,2
LOG_ORDER,32,spread,3,78,CPU/-,68
LOG_ORDER,32,spread,3,78,Client/ClientRead,68
LOG_ORDER,32,spread,3,78,IO/DataFileExtend,1
LOG_ORDER,32,spread,3,78,IO/WALSync,58
LOG_ORDER,32,spread,3,78,IO/WALWrite,6
LOG_ORDER,32,spread,3,78,LWLock/LockManager,1
LOG_ORDER,32,spread,3,78,LWLock/WALWrite,997
LOG_ORDER,32,spread,3,78,Lock/transactionid,25
LOG_ORDER,32,spread,3,78,Timeout/SpinDelay,9
