variant,phase,n,p50_ms,p90_ms,p99_ms,max_ms,mean_ms
broker/old-clean/retry.backoff100,lease_acquire,30,0.764,2.039,4.052,4.052,1.020
broker/old-clean/retry.backoff100,producer_new,30,1.254,3.618,7.294,7.294,1.873
broker/old-clean/retry.backoff100,initTransactions,30,115.944,123.744,137.494,137.494,117.310
broker/old-clean/retry.backoff100,replay,30,24.543,44.989,47.470,47.470,26.593
broker/old-clean/retry.backoff100,first_commit,30,15.155,24.785,33.724,33.724,15.730
broker/old-clean/retry.backoff100,total_until_ready,30,144.511,161.539,173.650,173.650,146.796
broker/old-clean/retry.backoff100,total_until_first_record,30,160.346,184.112,207.374,207.374,162.526
broker/old-clean/retry.backoff100,total_without_initTransactions,30,28.104,46.912,51.982,51.982,29.486
broker/old-clean/retry.backoff100,replay_consumer_close_after,30,3.612,6.543,13.445,13.445,4.202
broker/old-clean/retry.backoff10,lease_acquire,30,0.459,0.901,1.656,1.656,0.571
broker/old-clean/retry.backoff10,producer_new,30,0.772,2.563,18.752,18.752,1.772
broker/old-clean/retry.backoff10,initTransactions,30,17.439,23.228,24.952,24.952,18.356
broker/old-clean/retry.backoff10,replay,30,7.955,18.345,22.987,22.987,10.584
broker/old-clean/retry.backoff10,first_commit,30,4.487,9.170,21.210,21.210,5.912
broker/old-clean/retry.backoff10,total_until_ready,30,27.170,43.067,61.000,61.000,31.282
broker/old-clean/retry.backoff10,total_until_first_record,30,31.517,52.249,82.210,82.210,37.194
broker/old-clean/retry.backoff10,total_without_initTransactions,30,9.072,22.641,36.135,36.135,12.927
broker/old-clean/retry.backoff10,replay_consumer_close_after,30,1.778,2.848,5.570,5.570,2.068
broker/old-clean/retry.backoff100/spin,lease_acquire,30,0.832,2.274,6.493,6.493,1.305
broker/old-clean/retry.backoff100/spin,producer_new,30,0.761,1.380,2.286,2.286,0.916
broker/old-clean/retry.backoff100/spin,initTransactions,30,116.876,128.357,133.082,133.082,117.848
broker/old-clean/retry.backoff100/spin,replay,30,16.932,31.041,95.055,95.055,20.428
broker/old-clean/retry.backoff100/spin,first_commit,30,11.336,17.502,23.865,23.865,11.568
broker/old-clean/retry.backoff100/spin,total_until_ready,30,136.242,157.152,221.363,221.363,140.496
broker/old-clean/retry.backoff100/spin,total_until_first_record,30,149.858,169.651,237.567,237.567,152.064
broker/old-clean/retry.backoff100/spin,total_without_initTransactions,30,18.287,33.345,96.570,96.570,22.648
broker/old-clean/retry.backoff100/spin,replay_consumer_close_after,30,2.834,5.104,7.850,7.850,3.139
broker/old-open/retry.backoff100,lease_acquire,30,0.788,1.418,5.093,5.093,1.041
broker/old-open/retry.backoff100,producer_new,30,1.670,2.881,6.277,6.277,1.879
broker/old-open/retry.backoff100,initTransactions,30,223.551,236.414,250.393,250.393,225.696
broker/old-open/retry.backoff100,replay,30,23.055,36.048,50.135,50.135,25.516
broker/old-open/retry.backoff100,first_commit,30,15.223,19.846,21.402,21.402,14.390
broker/old-open/retry.backoff100,total_until_ready,30,250.618,277.513,281.945,281.945,254.131
broker/old-open/retry.backoff100,total_until_first_record,30,265.633,287.954,301.791,301.791,268.521
broker/old-open/retry.backoff100,total_without_initTransactions,30,26.790,38.232,53.618,53.618,28.436
broker/old-open/retry.backoff100,replay_consumer_close_after,30,3.817,9.126,18.083,18.083,4.962
broker/old-open/retry.backoff10,lease_acquire,30,0.456,1.138,6.238,6.238,0.766
broker/old-open/retry.backoff10,producer_new,30,0.746,1.832,2.218,2.218,1.008
broker/old-open/retry.backoff10,initTransactions,30,29.713,33.583,42.624,42.624,30.869
broker/old-open/retry.backoff10,replay,30,6.979,15.956,30.624,30.624,9.196
broker/old-open/retry.backoff10,first_commit,30,3.955,7.952,23.260,23.260,5.321
broker/old-open/retry.backoff10,total_until_ready,30,38.617,50.557,81.704,81.704,41.839
broker/old-open/retry.backoff10,total_until_first_record,30,43.078,57.571,104.964,104.964,47.160
broker/old-open/retry.backoff10,total_without_initTransactions,30,8.115,17.112,39.080,39.080,10.970
broker/old-open/retry.backoff10,replay_consumer_close_after,30,1.636,2.643,4.103,4.103,1.841
store/old-open/retry.backoff100,lease_acquire,30,0.502,1.172,2.003,2.003,0.664
store/old-open/retry.backoff100,producer_new,30,0.725,1.458,4.046,4.046,0.981
store/old-open/retry.backoff100,replay_db_max,30,0.780,1.591,2.115,2.115,0.937
store/old-open/retry.backoff100,first_send_ack,30,4.842,8.322,15.164,15.164,5.590
store/old-open/retry.backoff100,total_until_ready,30,2.484,4.348,6.051,6.051,2.582
store/old-open/retry.backoff100,total_until_first_record,30,7.565,11.845,18.459,18.459,8.172
store-marker/old-open/retry.backoff100,lease_acquire,30,0.300,0.378,0.443,0.443,0.307
store-marker/old-open/retry.backoff100,producer_new,30,0.593,0.657,1.357,1.357,0.623
store-marker/old-open/retry.backoff100,marker_send,30,3.096,3.759,4.089,4.089,3.165
store-marker/old-open/retry.backoff100,marker_stored_wait,30,1.235,1.540,2.134,2.134,1.297
store-marker/old-open/retry.backoff100,replay_db_max,30,0.262,0.294,0.317,0.317,0.256
store-marker/old-open/retry.backoff100,first_send_ack,30,0.733,0.905,1.130,1.130,0.740
store-marker/old-open/retry.backoff100,total_until_ready,30,5.810,6.256,7.159,7.159,5.649
store-marker/old-open/retry.backoff100,total_until_first_record,30,6.462,7.167,8.210,8.210,6.388
