postgres,mode,takeover,pre_n,pre_rejected,mid_n,mid_rejected,zombie_n,zombie_stored,lease_update_ms,marker_send_ms
fsync-on,LEASE_EQ,0,199,16,4,4,197,0,3.363,1.683
fsync-on,LEASE_EQ,1,42,20,189,189,169,0,178.224,5.679
fsync-on,LEASE_EQ,2,191,22,21,21,188,0,11.486,1.270
fsync-on,LEASE_EQ,3,173,38,49,49,178,0,22.321,2.534
fsync-on,LEASE_EQ,4,198,0,5,5,197,0,2.210,1.351
fsync-on,LEASE_EQ,5,200,12,1,1,199,0,0.843,0.728
fsync-on,LEASE_EQ,6,156,99,68,68,176,0,28.196,1.702
fsync-on,LEASE_EQ,7,199,58,3,3,198,0,1.666,0.751
fsync-on,LEASE_EQ,8,198,21,4,4,198,0,1.382,0.932
fsync-on,LEASE_EQ,9,194,115,74,74,132,0,68.262,51.258
fsync-on,LEASE_EQ,10,196,61,30,30,174,0,39.322,4.242
fsync-on,LEASE_EQ,11,200,2,1,1,199,0,0.805,0.725
fsync-on,LEASE_EQ,12,200,0,1,1,199,0,0.843,0.762
fsync-on,LEASE_EQ,13,197,15,1,1,202,0,0.959,1.439
fsync-on,LEASE_EQ,14,200,0,3,3,197,0,1.263,2.159
fsync-on,LEASE_EQ,15,200,3,2,2,198,0,1.126,0.588
fsync-on,LEASE_EQ,16,198,14,5,5,197,0,1.930,0.973
fsync-on,LEASE_EQ,17,200,0,1,1,199,0,0.623,0.509
fsync-on,LEASE_EQ,18,200,7,2,2,198,0,1.789,1.203
fsync-on,LEASE_EQ,19,46,11,184,184,170,0,29.046,11.902
fsync-on,LEASE_EQ,20,200,152,3,3,197,0,2.053,2.399
fsync-on,LEASE_EQ,21,199,24,3,3,198,0,1.124,0.939
fsync-on,LEASE_EQ,22,192,94,11,11,197,0,6.680,24.033
fsync-on,LEASE_EQ,23,156,1,56,56,188,0,12.046,1.077
fsync-on,LEASE_EQ,24,189,170,24,24,187,0,21.141,23.066
fsync-on,LEASE_EQ,25,199,56,3,3,198,0,2.068,2.082
fsync-on,LEASE_EQ,26,191,40,5,5,204,0,7.442,7.853
fsync-on,LEASE_EQ,27,168,137,41,41,191,0,8.326,2.515
fsync-on,LEASE_EQ,28,198,96,5,5,197,0,1.916,1.025
fsync-on,LEASE_EQ,29,199,17,3,3,198,0,1.304,1.531
fsync-on,LEASE_EQ_FOR_SHARE,0,187,150,8,8,205,0,12.187,4.752
fsync-on,LEASE_EQ_FOR_SHARE,1,200,120,4,4,196,0,2.899,1.162
fsync-on,LEASE_EQ_FOR_SHARE,2,199,109,4,4,197,0,1.418,1.915
fsync-on,LEASE_EQ_FOR_SHARE,3,192,48,13,13,195,0,13.193,13.579
fsync-on,LEASE_EQ_FOR_SHARE,4,195,150,14,14,191,0,8.296,17.003
fsync-on,LEASE_EQ_FOR_SHARE,5,120,89,145,145,135,0,68.864,15.897
fsync-on,LEASE_EQ_FOR_SHARE,6,198,99,7,7,195,0,4.309,1.727
fsync-on,LEASE_EQ_FOR_SHARE,7,190,30,12,12,198,0,14.369,5.191
fsync-on,LEASE_EQ_FOR_SHARE,8,199,76,7,7,194,0,12.763,3.900
fsync-on,LEASE_EQ_FOR_SHARE,9,200,0,2,2,198,0,0.866,0.834
fsync-on,LEASE_EQ_FOR_SHARE,10,200,5,2,2,198,0,1.023,1.247
fsync-on,LEASE_EQ_FOR_SHARE,11,200,0,1,1,199,0,0.489,0.527
fsync-on,LEASE_EQ_FOR_SHARE,12,200,0,1,1,199,0,0.615,0.529
fsync-on,LEASE_EQ_FOR_SHARE,13,200,10,3,3,197,0,2.165,0.871
fsync-on,LEASE_EQ_FOR_SHARE,14,196,45,11,11,193,0,6.904,22.629
fsync-on,LEASE_EQ_FOR_SHARE,15,198,72,5,5,197,0,2.203,2.568
fsync-on,LEASE_EQ_FOR_SHARE,16,178,0,6,6,216,0,2.751,1.850
fsync-on,LEASE_EQ_FOR_SHARE,17,200,24,2,2,198,0,1.300,1.182
fsync-on,LEASE_EQ_FOR_SHARE,18,200,50,2,2,198,0,1.074,0.730
fsync-on,LEASE_EQ_FOR_SHARE,19,119,90,92,92,189,0,18.744,5.786
fsync-on,LEASE_EQ_FOR_SHARE,20,200,96,3,3,197,0,1.900,4.497
fsync-on,LEASE_EQ_FOR_SHARE,21,193,128,9,9,198,0,1.913,9.314
fsync-on,LEASE_EQ_FOR_SHARE,22,200,0,1,1,199,0,0.925,0.798
fsync-on,LEASE_EQ_FOR_SHARE,23,200,0,1,1,199,0,0.709,1.882
fsync-on,LEASE_EQ_FOR_SHARE,24,200,1,2,2,198,0,1.756,2.009
fsync-on,LEASE_EQ_FOR_SHARE,25,200,96,1,1,199,0,0.832,0.668
fsync-on,LEASE_EQ_FOR_SHARE,26,200,0,2,2,198,0,1.207,0.741
fsync-on,LEASE_EQ_FOR_SHARE,27,187,21,26,26,187,0,12.649,0.788
fsync-on,LEASE_EQ_FOR_SHARE,28,200,0,1,1,199,0,0.717,0.511
fsync-on,LEASE_EQ_FOR_SHARE,29,200,0,1,1,199,0,0.806,0.577
fsync-on,LOG_ORDER,0,200,0,1,0,199,0,0.609,0.616
fsync-on,LOG_ORDER,1,200,0,1,0,199,0,0.643,0.516
fsync-on,LOG_ORDER,2,200,0,1,0,199,0,0.640,0.511
fsync-on,LOG_ORDER,3,200,0,1,0,199,0,0.658,0.565
fsync-on,LOG_ORDER,4,200,0,1,0,199,0,0.676,0.529
fsync-on,LOG_ORDER,5,200,0,2,0,198,0,1.254,1.269
fsync-on,LOG_ORDER,6,200,0,1,0,199,0,1.132,0.848
fsync-on,LOG_ORDER,7,198,0,3,0,199,0,0.777,0.815
fsync-on,LOG_ORDER,8,198,0,5,0,197,0,2.468,6.427
fsync-on,LOG_ORDER,9,186,0,26,0,188,0,12.002,5.454
fsync-on,LOG_ORDER,10,187,0,24,0,189,0,13.382,1.948
fsync-on,LOG_ORDER,11,200,0,1,0,199,0,0.736,0.606
fsync-on,LOG_ORDER,12,200,0,1,0,199,0,0.639,0.578
fsync-on,LOG_ORDER,13,200,0,1,0,199,0,0.624,0.574
fsync-on,LOG_ORDER,14,200,0,2,0,198,0,1.320,0.540
fsync-on,LOG_ORDER,15,200,0,1,0,199,0,0.709,0.572
fsync-on,LOG_ORDER,16,199,0,8,0,193,0,6.580,1.962
fsync-on,LOG_ORDER,17,200,0,2,0,198,0,1.268,0.532
fsync-on,LOG_ORDER,18,200,0,28,0,172,0,27.654,1.316
fsync-on,LOG_ORDER,19,197,0,17,0,186,0,13.970,2.925
fsync-on,LOG_ORDER,20,192,0,32,0,176,0,22.908,6.237
fsync-on,LOG_ORDER,21,199,0,2,0,199,0,12.023,3.645
fsync-on,LOG_ORDER,22,200,0,1,0,199,0,0.730,0.494
fsync-on,LOG_ORDER,23,199,0,3,0,198,0,1.402,1.274
fsync-on,LOG_ORDER,24,196,0,7,0,197,0,2.361,1.372
fsync-on,LOG_ORDER,25,200,0,1,0,199,0,0.664,0.939
fsync-on,LOG_ORDER,26,200,0,1,0,199,0,0.594,0.622
fsync-on,LOG_ORDER,27,200,0,1,0,199,0,0.931,0.851
fsync-on,LOG_ORDER,28,200,0,1,0,199,0,0.961,0.592
fsync-on,LOG_ORDER,29,200,0,1,0,199,0,0.857,0.638
fsync-on,LOG_ORDER_FOR_SHARE,0,200,0,1,0,199,0,0.689,1.041
fsync-on,LOG_ORDER_FOR_SHARE,1,200,0,1,0,199,0,0.584,0.488
fsync-on,LOG_ORDER_FOR_SHARE,2,194,0,8,0,198,0,1.861,1.727
fsync-on,LOG_ORDER_FOR_SHARE,3,200,0,1,0,199,0,0.728,0.635
fsync-on,LOG_ORDER_FOR_SHARE,4,200,0,1,0,199,0,0.586,0.487
fsync-on,LOG_ORDER_FOR_SHARE,5,200,0,2,0,198,0,1.058,0.972
fsync-on,LOG_ORDER_FOR_SHARE,6,200,0,1,0,199,0,0.588,0.499
fsync-on,LOG_ORDER_FOR_SHARE,7,200,0,1,0,199,0,0.555,0.504
fsync-on,LOG_ORDER_FOR_SHARE,8,200,0,1,0,199,0,0.560,0.433
fsync-on,LOG_ORDER_FOR_SHARE,9,200,0,1,0,199,0,0.584,0.444
fsync-on,LOG_ORDER_FOR_SHARE,10,200,0,1,0,199,0,0.578,0.406
fsync-on,LOG_ORDER_FOR_SHARE,11,200,0,1,0,199,0,0.626,0.463
fsync-on,LOG_ORDER_FOR_SHARE,12,198,0,4,0,198,0,1.545,0.635
fsync-on,LOG_ORDER_FOR_SHARE,13,200,0,1,0,199,0,0.590,0.523
fsync-on,LOG_ORDER_FOR_SHARE,14,200,0,1,0,199,0,0.508,0.685
fsync-on,LOG_ORDER_FOR_SHARE,15,200,0,1,0,199,0,0.702,0.483
fsync-on,LOG_ORDER_FOR_SHARE,16,200,0,1,0,199,0,0.608,0.694
fsync-on,LOG_ORDER_FOR_SHARE,17,200,0,1,0,199,0,0.774,0.749
fsync-on,LOG_ORDER_FOR_SHARE,18,199,0,4,0,197,0,2.315,1.135
fsync-on,LOG_ORDER_FOR_SHARE,19,200,0,1,0,199,0,0.476,0.379
fsync-on,LOG_ORDER_FOR_SHARE,20,200,0,1,0,199,0,0.511,0.408
fsync-on,LOG_ORDER_FOR_SHARE,21,200,0,1,0,199,0,0.553,0.366
fsync-on,LOG_ORDER_FOR_SHARE,22,200,0,1,0,199,0,0.629,0.648
fsync-on,LOG_ORDER_FOR_SHARE,23,200,0,1,0,199,0,0.854,0.744
fsync-on,LOG_ORDER_FOR_SHARE,24,200,0,1,0,199,0,0.601,0.512
fsync-on,LOG_ORDER_FOR_SHARE,25,198,0,6,0,196,0,3.634,0.655
fsync-on,LOG_ORDER_FOR_SHARE,26,200,0,1,0,199,0,0.621,0.516
fsync-on,LOG_ORDER_FOR_SHARE,27,200,0,1,0,199,0,0.749,0.624
fsync-on,LOG_ORDER_FOR_SHARE,28,200,0,1,0,199,0,0.625,0.843
fsync-on,LOG_ORDER_FOR_SHARE,29,200,0,2,0,198,0,1.527,1.059
fsync-off,LEASE_EQ,0,200,0,1,1,199,0,0.617,0.633
fsync-off,LEASE_EQ,1,200,0,1,1,199,0,0.457,0.396
fsync-off,LEASE_EQ,2,199,0,3,3,198,0,1.044,2.834
fsync-off,LEASE_EQ,3,198,105,5,5,197,0,2.297,1.119
fsync-off,LEASE_EQ,4,200,0,1,1,199,0,0.429,0.416
fsync-off,LEASE_EQ,5,200,0,1,1,199,0,0.604,0.574
fsync-off,LEASE_EQ,6,200,0,1,1,199,0,0.507,0.466
fsync-off,LEASE_EQ,7,200,0,1,1,199,0,0.517,0.474
fsync-off,LEASE_EQ,8,200,0,1,1,199,0,0.426,0.540
fsync-off,LEASE_EQ,9,200,0,1,1,199,0,0.941,1.261
fsync-off,LEASE_EQ,10,199,16,8,8,193,0,5.400,3.478
fsync-off,LEASE_EQ,11,199,0,2,2,199,0,0.752,0.858
fsync-off,LEASE_EQ,12,200,1,1,1,199,0,0.635,0.465
fsync-off,LEASE_EQ,13,200,0,1,1,199,0,0.587,0.508
fsync-off,LEASE_EQ,14,199,0,2,2,199,0,0.730,0.521
fsync-off,LEASE_EQ,15,200,0,1,1,199,0,0.422,0.554
fsync-off,LEASE_EQ,16,200,0,1,1,199,0,0.466,0.440
fsync-off,LEASE_EQ,17,200,0,1,1,199,0,0.428,0.620
fsync-off,LEASE_EQ,18,200,0,1,1,199,0,0.562,0.696
fsync-off,LEASE_EQ,19,200,0,1,1,199,0,0.470,0.502
fsync-off,LEASE_EQ,20,200,92,1,1,199,0,0.809,0.643
fsync-off,LEASE_EQ,21,200,0,1,1,199,0,0.415,0.432
fsync-off,LEASE_EQ,22,200,0,1,1,199,0,0.478,0.493
fsync-off,LEASE_EQ,23,200,0,1,1,199,0,0.471,0.529
fsync-off,LEASE_EQ,24,200,0,1,1,199,0,0.429,1.376
fsync-off,LEASE_EQ,25,185,0,0,0,215,0,1.849,1.498
fsync-off,LEASE_EQ,26,200,0,1,1,199,0,0.464,0.571
fsync-off,LEASE_EQ,27,200,0,1,1,199,0,0.503,0.595
fsync-off,LEASE_EQ,28,200,2,1,1,199,0,0.507,0.537
fsync-off,LEASE_EQ,29,200,0,1,1,199,0,0.420,0.583
fsync-off,LEASE_EQ_FOR_SHARE,0,200,0,1,1,199,0,0.474,0.500
fsync-off,LEASE_EQ_FOR_SHARE,1,200,0,1,1,199,0,0.483,0.484
fsync-off,LEASE_EQ_FOR_SHARE,2,200,0,1,1,199,0,0.376,0.433
fsync-off,LEASE_EQ_FOR_SHARE,3,200,0,1,1,199,0,0.587,1.266
fsync-off,LEASE_EQ_FOR_SHARE,4,200,0,0,0,200,0,0.404,0.375
fsync-off,LEASE_EQ_FOR_SHARE,5,200,0,1,1,199,0,0.376,0.346
fsync-off,LEASE_EQ_FOR_SHARE,6,200,0,1,1,199,0,0.391,0.453
fsync-off,LEASE_EQ_FOR_SHARE,7,200,0,1,1,199,0,0.559,0.952
fsync-off,LEASE_EQ_FOR_SHARE,8,200,0,1,1,199,0,0.400,0.393
fsync-off,LEASE_EQ_FOR_SHARE,9,200,0,1,1,199,0,0.409,0.503
fsync-off,LEASE_EQ_FOR_SHARE,10,200,0,1,1,199,0,0.414,0.451
fsync-off,LEASE_EQ_FOR_SHARE,11,200,0,1,1,199,0,0.541,0.596
fsync-off,LEASE_EQ_FOR_SHARE,12,200,0,1,1,199,0,0.471,0.540
fsync-off,LEASE_EQ_FOR_SHARE,13,200,0,1,1,199,0,0.409,0.434
fsync-off,LEASE_EQ_FOR_SHARE,14,172,18,64,64,164,0,35.107,16.869
fsync-off,LEASE_EQ_FOR_SHARE,15,200,0,1,1,199,0,0.435,0.375
fsync-off,LEASE_EQ_FOR_SHARE,16,200,0,1,1,199,0,0.511,0.469
fsync-off,LEASE_EQ_FOR_SHARE,17,200,0,1,1,199,0,0.362,0.391
fsync-off,LEASE_EQ_FOR_SHARE,18,200,0,1,1,199,0,0.439,0.557
fsync-off,LEASE_EQ_FOR_SHARE,19,200,0,1,1,199,0,0.417,0.463
fsync-off,LEASE_EQ_FOR_SHARE,20,200,0,1,1,199,0,0.394,0.455
fsync-off,LEASE_EQ_FOR_SHARE,21,200,0,1,1,199,0,0.420,0.475
fsync-off,LEASE_EQ_FOR_SHARE,22,200,0,1,1,199,0,0.397,0.480
fsync-off,LEASE_EQ_FOR_SHARE,23,200,0,1,1,199,0,0.448,0.530
fsync-off,LEASE_EQ_FOR_SHARE,24,200,0,1,1,199,0,0.347,0.384
fsync-off,LEASE_EQ_FOR_SHARE,25,200,0,1,1,199,0,0.571,0.507
fsync-off,LEASE_EQ_FOR_SHARE,26,200,0,1,1,199,0,0.390,0.476
fsync-off,LEASE_EQ_FOR_SHARE,27,200,0,1,1,199,0,0.496,0.404
fsync-off,LEASE_EQ_FOR_SHARE,28,200,2,2,2,198,0,0.511,1.087
fsync-off,LEASE_EQ_FOR_SHARE,29,200,0,1,1,199,0,0.425,0.605
fsync-off,LOG_ORDER,0,200,0,1,0,199,0,0.647,0.566
fsync-off,LOG_ORDER,1,200,0,1,0,199,0,0.473,0.621
fsync-off,LOG_ORDER,2,200,0,2,0,198,0,1.316,0.747
fsync-off,LOG_ORDER,3,200,0,1,0,199,0,0.447,0.484
fsync-off,LOG_ORDER,4,200,0,1,0,199,0,0.409,0.499
fsync-off,LOG_ORDER,5,200,0,1,0,199,0,0.546,0.924
fsync-off,LOG_ORDER,6,200,0,1,0,199,0,0.483,0.692
fsync-off,LOG_ORDER,7,200,0,1,0,199,0,0.499,0.531
fsync-off,LOG_ORDER,8,200,0,1,0,199,0,0.495,0.583
fsync-off,LOG_ORDER,9,200,0,1,0,199,0,0.632,0.805
fsync-off,LOG_ORDER,10,200,0,1,0,199,0,0.459,0.510
fsync-off,LOG_ORDER,11,200,0,1,0,199,0,0.497,0.538
fsync-off,LOG_ORDER,12,200,0,1,0,199,0,0.561,0.595
fsync-off,LOG_ORDER,13,200,0,1,0,199,0,0.706,1.216
fsync-off,LOG_ORDER,14,200,0,1,0,199,0,0.379,0.457
fsync-off,LOG_ORDER,15,200,0,1,0,199,0,0.415,0.388
fsync-off,LOG_ORDER,16,200,0,1,0,199,0,0.514,0.558
fsync-off,LOG_ORDER,17,200,0,1,0,199,0,0.549,0.518
fsync-off,LOG_ORDER,18,200,0,1,0,199,0,0.410,0.469
fsync-off,LOG_ORDER,19,200,0,1,0,199,0,0.381,0.434
fsync-off,LOG_ORDER,20,200,0,1,0,199,0,0.379,0.650
fsync-off,LOG_ORDER,21,200,0,1,0,199,0,0.379,0.456
fsync-off,LOG_ORDER,22,200,0,1,0,199,0,0.417,0.417
fsync-off,LOG_ORDER,23,198,0,4,0,198,0,6.215,1.374
fsync-off,LOG_ORDER,24,200,0,1,0,199,0,0.459,0.455
fsync-off,LOG_ORDER,25,200,0,1,0,199,0,0.633,0.772
fsync-off,LOG_ORDER,26,200,0,1,0,199,0,0.619,0.817
fsync-off,LOG_ORDER,27,200,0,1,0,199,0,0.433,0.475
fsync-off,LOG_ORDER,28,200,0,1,0,199,0,0.468,0.378
fsync-off,LOG_ORDER,29,200,0,1,0,199,0,0.435,0.479
fsync-off,LOG_ORDER_FOR_SHARE,0,200,0,1,0,199,0,0.390,0.377
fsync-off,LOG_ORDER_FOR_SHARE,1,200,0,1,0,199,0,0.459,0.445
fsync-off,LOG_ORDER_FOR_SHARE,2,200,0,1,0,199,0,0.385,0.420
fsync-off,LOG_ORDER_FOR_SHARE,3,200,0,1,0,199,0,0.507,0.557
fsync-off,LOG_ORDER_FOR_SHARE,4,200,0,1,0,199,0,0.531,0.403
fsync-off,LOG_ORDER_FOR_SHARE,5,200,0,1,0,199,0,0.949,0.645
fsync-off,LOG_ORDER_FOR_SHARE,6,200,0,1,0,199,0,0.465,0.426
fsync-off,LOG_ORDER_FOR_SHARE,7,200,0,1,0,199,0,0.389,0.494
fsync-off,LOG_ORDER_FOR_SHARE,8,198,0,8,0,194,0,5.277,2.705
fsync-off,LOG_ORDER_FOR_SHARE,9,200,0,1,0,199,0,0.466,0.596
fsync-off,LOG_ORDER_FOR_SHARE,10,200,0,1,0,199,0,0.499,0.517
fsync-off,LOG_ORDER_FOR_SHARE,11,200,0,1,0,199,0,0.436,0.493
fsync-off,LOG_ORDER_FOR_SHARE,12,200,0,1,0,199,0,0.513,0.480
fsync-off,LOG_ORDER_FOR_SHARE,13,200,0,1,0,199,0,0.668,0.610
fsync-off,LOG_ORDER_FOR_SHARE,14,200,0,1,0,199,0,0.466,0.596
fsync-off,LOG_ORDER_FOR_SHARE,15,200,0,1,0,199,0,0.434,0.455
fsync-off,LOG_ORDER_FOR_SHARE,16,200,0,1,0,199,0,0.535,0.512
fsync-off,LOG_ORDER_FOR_SHARE,17,200,0,1,0,199,0,0.423,0.437
fsync-off,LOG_ORDER_FOR_SHARE,18,200,0,1,0,199,0,0.409,0.409
fsync-off,LOG_ORDER_FOR_SHARE,19,200,0,1,0,199,0,0.469,0.491
fsync-off,LOG_ORDER_FOR_SHARE,20,200,0,1,0,199,0,0.428,0.415
fsync-off,LOG_ORDER_FOR_SHARE,21,200,0,1,0,199,0,0.341,0.379
fsync-off,LOG_ORDER_FOR_SHARE,22,200,0,1,0,199,0,0.539,0.449
fsync-off,LOG_ORDER_FOR_SHARE,23,200,0,1,0,199,0,0.459,0.463
fsync-off,LOG_ORDER_FOR_SHARE,24,200,0,1,0,199,0,0.498,0.441
fsync-off,LOG_ORDER_FOR_SHARE,25,200,0,1,0,199,0,0.679,0.878
fsync-off,LOG_ORDER_FOR_SHARE,26,200,0,1,0,199,0,0.573,0.710
fsync-off,LOG_ORDER_FOR_SHARE,27,200,0,1,0,199,0,0.605,0.579
fsync-off,LOG_ORDER_FOR_SHARE,28,200,0,1,0,199,0,0.446,0.397
fsync-off,LOG_ORDER_FOR_SHARE,29,200,0,1,0,199,0,0.474,0.546
