postgres,rep,statement,mode,a_delay_us,iterations,a_stored
fsync-off,1,plain,LEASE_EQ,0,2000,1648
fsync-off,1,plain,LEASE_EQ,50,2000,414
fsync-off,1,plain,LEASE_EQ,100,2000,106
fsync-off,1,plain,LEASE_EQ,200,2000,78
fsync-off,1,plain,LEASE_EQ,400,2000,87
fsync-off,1,plain,LEASE_EQ_FOR_SHARE,0,2000,777
fsync-off,1,plain,LEASE_EQ_FOR_SHARE,50,2000,208
fsync-off,1,plain,LEASE_EQ_FOR_SHARE,100,2000,60
fsync-off,1,plain,LEASE_EQ_FOR_SHARE,200,2000,121
fsync-off,1,plain,LEASE_EQ_FOR_SHARE,400,2000,29
fsync-off,1,instrumented,LEASE_EQ,0,2000,1521
fsync-off,1,instrumented,LEASE_EQ_FOR_SHARE,0,2000,259
fsync-off,2,plain,LEASE_EQ,0,2000,1540
fsync-off,2,plain,LEASE_EQ,50,2000,282
fsync-off,2,plain,LEASE_EQ,100,2000,255
fsync-off,2,plain,LEASE_EQ,200,2000,243
fsync-off,2,plain,LEASE_EQ,400,2000,68
fsync-off,2,plain,LEASE_EQ_FOR_SHARE,0,2000,908
fsync-off,2,plain,LEASE_EQ_FOR_SHARE,50,2000,231
fsync-off,2,plain,LEASE_EQ_FOR_SHARE,100,2000,77
fsync-off,2,plain,LEASE_EQ_FOR_SHARE,200,2000,3
fsync-off,2,plain,LEASE_EQ_FOR_SHARE,400,2000,28
fsync-off,2,instrumented,LEASE_EQ,0,2000,1620
fsync-off,2,instrumented,LEASE_EQ_FOR_SHARE,0,2000,379
