postgres,path,rep,n,ack_p50_ms,ack_p99_ms,ack_max_ms,accept_p50_ms,accept_p99_ms,accept_max_ms,read_committed_p50_ms,read_committed_p99_ms,read_committed_max_ms
fsync-on,store/per-record,1,10000,0.730,157.026,244.881,134.787,596.673,616.325,NaN,NaN,NaN
fsync-on,store/per-poll,1,10000,0.912,175.694,233.539,195.347,1284.459,1384.459,NaN,NaN,NaN
fsync-on,broker/tx-10,1,10000,4.144,150.350,214.337,15.099,218.801,289.595,16.260,219.508,289.508
fsync-on,broker/tx-100,1,10000,1.028,144.817,210.724,59.411,212.497,262.497,60.527,213.016,263.534
fsync-on,store/per-record,2,10000,1.142,90.868,180.857,631.602,1742.028,1765.462,NaN,NaN,NaN
fsync-on,store/per-poll,2,10000,0.839,151.027,230.270,156.216,1529.318,1629.318,NaN,NaN,NaN
fsync-on,broker/tx-10,2,10000,1.193,102.354,161.501,10.064,154.763,238.702,10.693,154.841,238.858
fsync-on,broker/tx-100,2,10000,0.833,114.663,169.351,60.080,270.704,370.704,61.694,294.513,394.513
fsync-on,store/per-record,3,10000,1.128,129.723,173.536,510.330,2469.751,2484.219,NaN,NaN,NaN
fsync-on,store/per-poll,3,10000,1.609,757.555,825.449,368.382,2079.779,2179.779,NaN,NaN,NaN
fsync-on,broker/tx-10,3,10000,2.214,146.647,229.324,12.237,169.940,249.940,13.018,170.123,249.991
fsync-on,broker/tx-100,3,10000,2.646,564.126,623.406,83.031,777.935,836.935,84.683,784.332,837.773
fsync-off,store/per-record,1,10000,0.512,45.878,74.876,1.006,317.900,356.229,NaN,NaN,NaN
fsync-off,store/per-poll,1,10000,0.503,197.468,281.281,1.848,1490.340,1590.340,NaN,NaN,NaN
fsync-off,broker/tx-10,1,10000,0.595,38.977,109.667,7.829,62.342,137.330,8.290,62.349,137.439
fsync-off,broker/tx-100,1,10000,0.954,124.434,181.844,63.189,212.842,260.476,64.739,213.309,260.676
fsync-off,store/per-record,2,10000,0.967,120.317,165.244,80.963,702.833,722.836,NaN,NaN,NaN
fsync-off,store/per-poll,2,10000,4.643,386.941,472.935,2985.580,8270.589,8370.589,NaN,NaN,NaN
fsync-off,broker/tx-10,2,10000,11.359,431.631,500.248,28.137,463.885,539.885,29.262,467.636,540.074
fsync-off,broker/tx-100,2,10000,14.767,402.328,481.198,95.157,533.237,630.237,96.111,534.246,631.526
fsync-off,store/per-record,3,10000,2.735,259.281,322.268,1023.651,2517.553,2566.417,NaN,NaN,NaN
fsync-off,store/per-poll,3,10000,2.419,581.714,667.165,824.024,7814.720,7914.720,NaN,NaN,NaN
fsync-off,broker/tx-10,3,10000,3.046,175.348,259.317,13.732,220.924,314.363,14.539,223.563,314.563
fsync-off,broker/tx-100,3,10000,0.997,98.298,122.536,61.807,166.192,192.436,62.559,166.651,193.158
