postgres,worker,rate,rep,measured,ack_n,ack_p50_ms,ack_p90_ms,ack_p99_ms,ack_max_ms,ack_mean_ms,polled_p50_ms,polled_p99_ms,stored_n,stored_p50_ms,stored_p90_ms,stored_p99_ms,stored_max_ms,stored_mean_ms,worker_records_per_sec_in_window,records_per_poll,drain_after_send_ms,gc_count,gc_ms
fsync-on,per-record,500,1,5000,5000,0.706,2.573,24.878,55.058,1.746,0.828,106.728,5000,1.482,28.308,122.975,138.052,10.581,499.9,1.2,0.016,7,12
fsync-on,per-record,1000,1,10000,10000,1.004,23.119,74.555,103.363,6.983,237.692,1430.020,10000,336.435,930.919,1527.982,1534.736,427.370,914.3,3.9,1313.205,8,17
fsync-on,per-record,2000,1,20000,20000,0.841,129.029,323.101,406.374,32.864,6977.536,9021.534,20000,7111.411,8988.030,9084.655,9093.630,7389.241,1149.9,447.5,8963.253,13,16
fsync-on,per-record,4000,1,40000,40000,0.412,3.169,138.031,220.703,4.712,8757.544,19572.330,40000,8881.952,18630.485,19692.532,19743.200,10580.111,1858.3,451.3,20208.601,40,23
fsync-on,per-poll,500,1,5000,5000,2.896,85.602,219.429,282.560,24.381,105.869,2299.657,5000,210.184,1799.747,2486.804,2586.804,497.943,588.5,5.1,11.784,0,0
fsync-on,per-poll,1000,1,10000,10000,0.931,44.230,128.187,172.184,11.842,106.411,992.343,10000,166.179,826.675,1254.282,1354.282,305.863,1000.2,2.3,81.285,2,2
fsync-on,per-poll,2000,1,20000,20000,1.921,203.231,814.752,914.739,67.493,2933.878,3899.102,20000,3182.913,3883.759,4156.450,4235.450,3225.837,1435.4,455.2,3914.727,1,0
fsync-on,per-poll,4000,1,40000,40000,0.746,42.572,149.884,244.050,12.074,10249.598,18565.857,40000,10418.392,18084.302,18696.482,18721.384,11553.253,1732.2,425.8,18604.599,3,3
fsync-on,per-record,500,2,5000,5000,2.067,85.526,252.079,302.676,25.317,108.397,1670.948,5000,192.667,1619.544,1969.347,2027.942,516.503,439.5,2.5,817.026,0,0
fsync-on,per-record,1000,2,10000,10000,2.020,68.802,201.379,278.375,19.450,2973.211,5013.100,10000,3156.375,4693.051,5100.545,5132.214,3112.629,728.3,10.0,1829.743,1,1
fsync-on,per-record,2000,2,20000,20000,2.391,42.082,141.819,215.949,13.890,15821.741,21648.137,20000,16086.440,21593.137,21721.582,21730.917,13934.594,748.9,419.0,21539.958,2,2
fsync-on,per-record,4000,2,40000,40000,2.385,41.637,161.017,250.166,13.205,24995.600,36572.325,40000,25111.658,31786.342,36679.026,36859.578,24633.151,721.7,471.4,37218.874,2,2
fsync-on,per-poll,500,2,5000,5000,4.035,82.224,203.922,241.918,24.042,223.790,3413.822,5000,395.432,4003.227,4425.170,4513.170,1341.419,384.1,5.5,3346.617,1,128
fsync-on,per-poll,1000,2,10000,10000,1.325,30.065,114.347,165.313,9.765,132.602,830.128,10000,354.421,825.394,1069.762,1151.630,359.673,981.0,2.9,206.248,1,1
fsync-on,per-poll,2000,2,20000,20000,0.422,26.594,92.240,183.461,7.662,1310.443,3392.556,20000,1450.880,3193.526,3585.300,3641.300,1513.377,2444.4,11.4,12.524,2,2
fsync-on,per-poll,4000,2,40000,40000,0.412,2.469,93.615,150.446,3.485,3021.463,4109.361,40000,3162.132,3984.186,4257.588,4302.088,2871.438,2752.7,425.8,4188.832,3,2
fsync-on,per-record,500,3,5000,5000,0.600,1.500,22.386,50.101,1.367,0.685,63.506,5000,1.275,4.239,73.047,131.888,3.904,500.0,1.1,0.005,1,1
fsync-on,per-record,1000,3,10000,10000,0.465,1.425,23.943,65.798,1.320,0.532,85.481,10000,1.003,24.969,102.560,138.556,8.302,999.9,1.2,0.013,2,4
fsync-on,per-record,2000,3,20000,20000,0.373,0.792,18.663,46.542,0.909,18.383,211.972,20000,34.091,156.450,251.214,271.606,59.938,2070.5,3.3,0.004,2,1
fsync-on,per-record,4000,3,40000,40000,0.396,1.363,30.158,68.458,1.344,6694.783,10421.486,40000,6785.555,9795.503,10510.779,10593.658,6730.067,2082.9,451.3,10750.008,3,2
fsync-on,per-poll,500,3,5000,5000,0.550,7.294,147.336,203.726,6.709,0.634,428.744,5000,1.502,208.998,596.634,696.634,49.893,500.0,1.2,102.898,1,2
fsync-on,per-poll,1000,3,10000,10000,0.413,1.731,38.771,74.678,1.862,0.486,183.709,10000,1.191,41.666,279.909,343.241,15.664,999.8,1.3,11.662,1,0
fsync-on,per-poll,2000,3,20000,20000,0.454,2.748,62.963,109.782,2.600,4.281,430.988,20000,7.149,424.914,638.796,714.796,99.323,1954.4,3.7,80.045,3,3
fsync-on,per-poll,4000,3,40000,40000,0.456,1.360,24.672,51.374,1.337,4769.959,6570.689,40000,4979.359,6490.168,6720.687,6782.833,4689.816,2644.2,459.1,6677.556,4,3
fsync-off,per-record,500,1,5000,5000,0.723,1.806,105.490,202.838,3.328,0.812,133.576,5000,1.350,4.342,154.057,229.447,6.791,500.0,1.1,0.008,1,4
fsync-off,per-record,1000,1,10000,10000,0.477,1.090,70.550,102.436,2.436,0.527,192.529,10000,0.885,5.932,303.030,350.292,16.030,1002.3,1.3,11.291,1,1
fsync-off,per-record,2000,1,20000,20000,0.482,2.116,36.018,85.512,1.794,12.256,447.252,20000,20.315,363.622,497.917,510.492,95.490,2000.0,2.4,64.556,2,1
fsync-off,per-record,4000,1,40000,40000,0.439,3.367,54.573,97.669,2.797,4689.222,5598.571,40000,4777.111,5341.047,5677.359,5761.633,4368.128,2559.1,451.3,5859.321,4,4
fsync-off,per-poll,500,1,5000,5000,0.578,1.076,22.142,84.277,1.332,0.643,70.954,5000,1.428,2.887,86.423,160.106,3.808,500.0,1.1,12.535,1,1
fsync-off,per-poll,1000,1,10000,10000,0.424,0.690,29.011,104.985,1.244,0.463,88.290,10000,1.070,2.548,133.556,217.556,4.822,1000.0,1.1,125.151,2,3
fsync-off,per-poll,2000,1,20000,20000,0.389,0.563,22.468,119.457,1.270,1.124,115.845,20000,1.873,13.455,179.108,233.108,11.361,2003.2,1.7,10.873,3,1
fsync-off,per-poll,4000,1,40000,40000,0.390,0.899,25.585,52.795,1.075,2067.168,2981.390,40000,2534.277,3056.711,3111.154,3142.945,2153.125,3106.1,440.0,3054.883,3,2
fsync-off,per-record,500,2,5000,5000,0.681,1.454,36.365,81.175,1.794,0.758,87.136,5000,1.265,2.974,146.471,202.138,5.689,500.0,1.1,0.004,1,1
fsync-off,per-record,1000,2,10000,10000,0.439,0.663,22.342,101.235,1.249,0.481,82.058,10000,0.799,1.288,106.515,160.107,3.689,1000.0,1.1,0.003,2,2
fsync-off,per-record,2000,2,20000,20000,0.388,1.477,79.809,157.474,2.552,0.455,573.494,20000,0.775,316.814,653.723,670.491,65.806,2000.0,1.4,0.010,3,2
fsync-off,per-record,4000,2,40000,40000,0.435,1.967,57.356,144.264,2.550,3846.520,4891.635,40000,3917.992,4773.047,4957.951,4980.613,3421.399,2627.8,443.7,5018.465,3,2
fsync-off,per-poll,500,2,5000,5000,0.594,1.543,105.535,202.258,3.386,0.667,194.690,5000,1.463,11.454,272.566,320.049,13.820,500.0,1.1,0.009,0,0
fsync-off,per-poll,1000,2,10000,10000,0.431,0.652,22.697,88.574,1.074,0.470,59.199,10000,1.097,2.154,115.499,202.499,4.036,1000.0,1.0,10.834,1,1
fsync-off,per-poll,2000,2,20000,20000,0.447,1.216,15.488,120.804,1.407,3.073,470.465,20000,5.355,275.262,620.779,668.320,69.755,2165.8,3.3,110.924,2,2
fsync-off,per-poll,4000,2,40000,40000,0.488,6.728,77.425,129.739,4.231,5833.553,9764.539,40000,5985.973,9079.517,9918.270,9979.520,5959.088,2268.3,455.2,9877.007,4,5
fsync-off,per-record,500,3,5000,5000,0.769,7.816,128.127,191.709,6.772,0.873,468.369,5000,1.421,168.026,595.811,635.775,45.203,500.0,1.2,0.007,1,2
fsync-off,per-record,1000,3,10000,10000,0.507,3.058,61.162,124.678,3.253,0.568,442.229,10000,0.938,95.819,806.617,842.985,43.202,961.6,1.3,607.061,2,2
fsync-off,per-record,2000,3,20000,20000,0.459,8.609,176.813,236.281,8.208,31.600,1035.646,20000,65.981,895.435,1098.284,1112.264,275.569,2009.7,2.0,0.014,3,3
fsync-off,per-record,4000,3,40000,40000,0.469,1.244,16.021,48.185,1.043,5615.155,9639.096,40000,5689.415,9024.239,9704.256,9744.471,5960.823,2544.5,471.4,9835.866,3,3
fsync-off,per-poll,500,3,5000,5000,0.638,2.736,67.045,156.250,3.032,0.730,112.414,5000,1.554,42.543,175.109,228.121,13.481,500.0,1.3,12.531,1,0
fsync-off,per-poll,1000,3,10000,10000,0.802,72.968,157.191,190.006,18.558,7.290,2730.507,10000,13.018,2850.805,3230.065,3329.841,710.901,798.0,2.3,2056.043,1,2
fsync-off,per-poll,2000,3,20000,20000,0.577,84.745,263.528,331.504,21.943,559.764,1598.042,20000,783.012,1527.614,1823.796,1900.835,830.524,1954.6,28.4,267.731,2,3
fsync-off,per-poll,4000,3,40000,40000,0.510,8.157,116.677,193.878,5.663,6548.397,8856.695,40000,6720.936,8443.353,9007.928,9066.816,6276.589,2123.1,436.4,8981.404,3,2
