mode,connections,distribution,rep,inserts_per_sec,inserted,zero_rows,errors,n,p50_ms,p90_ms,p99_ms,max_ms,mean_ms,gc_count,gc_ms
PLAIN,1,hot,1,2114.3,16962,0,0,16962,0.356,0.655,2.243,40.416,0.473,0,0
LOG_ORDER,1,hot,1,2205.4,17773,0,0,17773,0.347,0.543,2.021,75.716,0.453,1,6
LOG_ORDER_FOR_UPDATE,1,hot,1,1717.1,13888,0,0,13888,0.399,0.867,3.264,79.562,0.582,0,0
LOG_ORDER_FOR_SHARE,1,hot,1,2255.6,18276,0,0,18276,0.344,0.567,2.054,28.530,0.443,0,0
LOG_ORDER_SNAPSHOT,1,hot,1,1594.0,12795,0,0,12795,0.366,0.923,4.149,168.092,0.627,1,6
PLAIN,8,hot,1,14491.5,116843,0,0,116843,0.449,0.719,2.300,52.540,0.552,4,12
LOG_ORDER,8,hot,1,12343.5,99901,0,0,99901,0.520,0.876,2.586,74.335,0.647,2,2
LOG_ORDER_FOR_UPDATE,8,hot,1,15488.6,124414,0,0,124414,0.446,0.681,1.473,105.911,0.516,2,2
LOG_ORDER_FOR_SHARE,8,hot,1,16146.8,130538,0,0,130538,0.436,0.652,1.427,18.205,0.495,2,2
LOG_ORDER_SNAPSHOT,8,hot,1,11617.7,93177,0,0,93177,0.458,0.926,3.479,139.494,0.688,1,2
PLAIN,32,hot,1,33412.3,270537,0,0,270537,0.803,1.452,3.371,28.561,0.957,10,9
LOG_ORDER,32,hot,1,19481.8,156890,0,0,156890,1.181,3.245,7.062,31.884,1.642,7,3
LOG_ORDER_FOR_UPDATE,32,hot,1,24077.5,192923,0,0,192923,1.149,2.267,5.051,68.357,1.329,8,5
LOG_ORDER_FOR_SHARE,32,hot,1,29419.0,238113,0,0,238113,0.879,1.644,4.439,70.098,1.087,8,5
LOG_ORDER_SNAPSHOT,32,hot,1,33042.6,264427,0,0,264427,0.783,1.455,3.763,48.248,0.968,9,5
PLAIN,1,hot,2,2490.2,19951,0,0,19951,0.321,0.517,1.682,64.613,0.401,0,0
LOG_ORDER,1,hot,2,2295.7,18584,0,0,18584,0.342,0.531,1.890,59.480,0.435,0,0
LOG_ORDER_FOR_UPDATE,1,hot,2,2716.0,21929,0,0,21929,0.319,0.446,1.077,49.120,0.368,1,2
LOG_ORDER_FOR_SHARE,1,hot,2,2175.6,17547,0,0,17547,0.351,0.561,2.091,74.982,0.459,0,0
LOG_ORDER_SNAPSHOT,1,hot,2,2534.7,20500,0,0,20500,0.330,0.475,1.627,18.064,0.394,1,1
PLAIN,8,hot,2,13374.0,108383,0,0,108383,0.466,0.864,2.465,61.708,0.598,4,2
LOG_ORDER,8,hot,2,11336.2,91577,0,0,91577,0.517,0.938,2.516,159.066,0.705,4,8
LOG_ORDER_FOR_UPDATE,8,hot,2,16365.2,132245,0,0,132245,0.434,0.632,1.348,29.194,0.489,4,2
LOG_ORDER_FOR_SHARE,8,hot,2,16757.7,135468,0,0,135468,0.427,0.594,1.298,17.614,0.477,5,1
LOG_ORDER_SNAPSHOT,8,hot,2,15074.9,120741,0,0,120741,0.458,0.716,1.681,31.425,0.530,4,3
PLAIN,32,hot,2,27707.3,223047,0,0,223047,0.833,1.781,5.832,150.457,1.155,12,8
LOG_ORDER,32,hot,2,18013.1,144404,0,0,144404,1.297,3.470,7.664,27.778,1.776,8,5
LOG_ORDER_FOR_UPDATE,32,hot,2,15804.4,127110,0,0,127110,1.584,3.259,10.376,119.376,2.025,5,20
LOG_ORDER_FOR_SHARE,32,hot,2,17166.1,138489,0,0,138489,1.283,2.771,9.870,220.271,1.864,5,5
LOG_ORDER_SNAPSHOT,32,hot,2,32595.4,261484,0,0,261484,0.769,1.448,4.325,55.567,0.982,9,14
PLAIN,1,hot,3,2970.5,23906,0,0,23906,0.303,0.413,1.131,14.348,0.337,0,0
LOG_ORDER,1,hot,3,2640.0,21350,0,0,21350,0.330,0.440,1.299,26.644,0.379,0,0
LOG_ORDER_FOR_UPDATE,1,hot,3,2479.6,19937,0,0,19937,0.332,0.461,1.451,103.286,0.403,0,0
LOG_ORDER_FOR_SHARE,1,hot,3,2519.8,20305,0,0,20305,0.328,0.480,1.414,41.367,0.396,0,0
LOG_ORDER_SNAPSHOT,1,hot,3,2078.0,16697,0,0,16697,0.363,0.641,2.397,74.866,0.481,1,1
PLAIN,8,hot,3,13757.5,110304,0,0,110304,0.482,0.774,2.366,51.007,0.582,4,3
LOG_ORDER,8,hot,3,14659.0,117652,0,0,117652,0.463,0.734,1.936,23.298,0.546,4,2
LOG_ORDER_FOR_UPDATE,8,hot,3,10939.8,88483,0,0,88483,0.511,0.973,3.933,131.891,0.731,4,3
LOG_ORDER_FOR_SHARE,8,hot,3,9231.5,74529,0,0,74529,0.485,1.326,6.127,184.067,0.866,1,1
LOG_ORDER_SNAPSHOT,8,hot,3,12101.6,96878,0,0,96878,0.451,0.776,3.355,231.487,0.661,1,1
PLAIN,32,hot,3,28125.8,225661,0,0,225661,0.892,1.704,4.448,124.345,1.137,12,6
LOG_ORDER,32,hot,3,18625.2,149301,0,0,149301,1.250,3.238,6.873,80.055,1.718,8,4
LOG_ORDER_FOR_UPDATE,32,hot,3,20858.1,168977,0,0,168977,1.255,2.566,7.248,78.033,1.534,8,3
LOG_ORDER_FOR_SHARE,32,hot,3,29078.1,234191,0,0,234191,0.819,1.585,4.598,115.030,1.100,11,6
LOG_ORDER_SNAPSHOT,32,hot,3,28422.1,230160,0,0,230160,0.857,1.647,4.519,99.947,1.126,9,13
