epoch_s,time,phase,load1,load5,load15,top_cpu_process_pct_sum
1790744483,2026-09-30T14:01:23,idle,79.98,55.40,35.86,750
1790744490,2026-09-30T14:01:30,idle,95.59,59.05,37.26,596
1790744495,2026-09-30T14:01:35,idle,108.36,62.30,38.53,511
1790744500,2026-09-30T14:01:40,idle,104.56,62.28,38.66,585
1790744505,2026-09-30T14:01:45,idle,109.16,63.93,39.39,516
1790744511,2026-09-30T14:01:51,idle,115.00,65.89,40.22,523
1790744516,2026-09-30T14:01:56,idle,108.43,65.35,40.18,608
1790744521,2026-09-30T14:02:01,idle,118.24,68.10,41.30,452
1790744526,2026-09-30T14:02:06,idle,127.51,70.85,42.43,529
1790744531,2026-09-30T14:02:11,idle,136.84,73.72,43.61,749
1790744536,2026-09-30T14:02:16,idle,136.93,74.79,44.16,538
1790744541,2026-09-30T14:02:21,idle,141.18,76.70,45.01,485
1790744546,2026-09-30T14:02:26,idle,132.44,75.96,44.94,611
1790744551,2026-09-30T14:02:31,idle,135.05,77.44,45.64,642
1790744556,2026-09-30T14:02:36,idle,144.49,80.35,46.85,462
1790744561,2026-09-30T14:02:41,idle,138.13,80.10,46.96,500
1790744567,2026-09-30T14:02:47,idle,139.08,81.26,47.56,676
1790744572,2026-09-30T14:02:52,idle,139.23,82.25,48.11,493
1790744577,2026-09-30T14:02:57,idle,132.33,81.77,48.14,485
1790744582,2026-09-30T14:03:02,idle,138.30,83.84,49.07,723
1790744587,2026-09-30T14:03:07,idle,128.83,82.78,48.90,644
1790744593,2026-09-30T14:03:13,idle,127.72,83.32,49.29,469
1790744598,2026-09-30T14:03:18,idle,134.23,85.40,50.22,762
1790744603,2026-09-30T14:03:23,idle,134.59,87.21,51.28,779
1790744608,2026-09-30T14:03:28,idle,131.90,87.43,51.57,516
1790744613,2026-09-30T14:03:33,idle,133.99,88.61,52.19,511
1790744618,2026-09-30T14:03:38,idle,133.83,89.33,52.66,597
1790744623,2026-09-30T14:03:43,idle,128.00,88.86,52.71,599
1790744628,2026-09-30T14:03:48,idle,122.15,88.29,52.72,565
1790744633,2026-09-30T14:03:53,idle,115.73,87.52,52.66,614
1790744638,2026-09-30T14:03:58,idle,121.04,89.09,53.42,564
1790744643,2026-09-30T14:04:03,idle,112.07,87.76,53.16,378
1790744648,2026-09-30T14:04:08,idle,104.30,86.55,52.93,606
1790744654,2026-09-30T14:04:14,idle,96.50,85.23,52.66,747
1790744659,2026-09-30T14:04:19,idle,89.34,83.94,52.40,471
1790744664,2026-09-30T14:04:24,idle,82.58,82.62,52.12,404
1790744669,2026-09-30T14:04:29,idle,76.21,81.30,51.83,458
1790744674,2026-09-30T14:04:34,idle,70.59,80.05,51.56,446
1790744679,2026-09-30T14:04:39,idle,65.57,78.86,51.31,572
1790744684,2026-09-30T14:04:44,idle,63.21,78.14,51.22,361
1790744689,2026-09-30T14:04:49,idle,58.62,76.95,50.95,641
1790744694,2026-09-30T14:04:54,idle,77.23,80.50,52.36,446
1790744699,2026-09-30T14:04:59,idle,74.41,79.86,52.30,527
1790744704,2026-09-30T14:05:04,idle,69.65,78.78,52.08,606
1790744709,2026-09-30T14:05:09,idle,71.76,79.07,52.34,622
1790744715,2026-09-30T14:05:15,idle,70.10,78.60,52.33,777
1790744720,2026-09-30T14:05:20,idle,77.14,79.92,52.95,535
1790744725,2026-09-30T14:05:25,idle,73.84,79.19,52.85,594
1790744730,2026-09-30T14:05:30,idle,69.61,78.22,52.66,661
1790744735,2026-09-30T14:05:35,idle,70.92,78.35,52.86,365
1790744740,2026-09-30T14:05:40,idle,78.62,79.82,53.52,483
1790744745,2026-09-30T14:05:45,idle,72.64,78.56,53.23,371
1790744750,2026-09-30T14:05:50,idle,68.59,77.63,53.05,487
1790744755,2026-09-30T14:05:55,idle,63.73,76.47,52.79,443
1790744760,2026-09-30T14:06:00,idle,63.11,76.13,52.80,550
1790744765,2026-09-30T14:06:05,idle,64.39,76.18,52.96,287
1790744771,2026-09-30T14:06:11,idle,62.99,75.69,52.92,670
1790744776,2026-09-30T14:06:16,idle,65.24,75.95,53.15,472
1790744781,2026-09-30T14:06:21,idle,61.29,74.95,52.93,455
1790744786,2026-09-30T14:06:26,idle,56.79,73.79,52.65,507
1790744791,2026-09-30T14:06:31,idle,56.80,73.51,52.67,552
1790744796,2026-09-30T14:06:36,idle,53.29,72.50,52.44,460
1790744801,2026-09-30T14:06:41,idle,58.00,73.16,52.79,517
1790744806,2026-09-30T14:06:46,idle,54.07,72.09,52.53,370
1790744811,2026-09-30T14:06:51,idle,50.22,71.00,52.26,308
1790744816,2026-09-30T14:06:56,idle,52.77,71.18,52.43,347
1790744821,2026-09-30T14:07:01,idle,49.66,70.23,52.21,434
1790744826,2026-09-30T14:07:06,idle,46.25,69.18,51.94,594
1790744831,2026-09-30T14:07:11,idle,43.26,68.18,51.69,410
1790744836,2026-09-30T14:07:16,idle,39.96,67.08,51.40,437
1790744842,2026-09-30T14:07:22,idle,37.32,66.08,51.14,360
1790744847,2026-09-30T14:07:27,idle,34.73,65.07,50.87,426
1790744852,2026-09-30T14:07:32,idle,32.03,64.01,50.57,542
1790744857,2026-09-30T14:07:37,idle,30.10,63.08,50.32,300
1790744862,2026-09-30T14:07:42,idle,28.17,62.13,50.06,401
1790744867,2026-09-30T14:07:47,idle,26.48,61.21,49.81,441
1790744872,2026-09-30T14:07:52,idle,26.12,60.56,49.65,263
1790744877,2026-09-30T14:07:57,idle,24.35,59.62,49.38,408
1790744883,2026-09-30T14:08:03,idle,23.04,58.76,49.14,507
1790744888,2026-09-30T14:08:08,idle,22.23,58.00,48.93,592
1790744893,2026-09-30T14:08:13,idle,25.66,58.12,49.02,522
1790744898,2026-09-30T14:08:18,idle,26.29,57.17,48.79,514
1790744903,2026-09-30T14:08:23,idle,28.27,57.06,48.80,594
1790744908,2026-09-30T14:08:28,idle,26.56,56.23,48.55,581
1790744913,2026-09-30T14:08:33,idle,28.12,56.06,48.54,472
1790744918,2026-09-30T14:08:38,idle,30.35,56.06,48.58,439
1790744923,2026-09-30T14:08:43,idle,28.56,55.26,48.35,690
1790744928,2026-09-30T14:08:48,idle,31.08,55.34,48.41,453
1790744933,2026-09-30T14:08:53,idle,29.39,54.59,48.19,623
1790744938,2026-09-30T14:08:58,idle,27.84,53.85,47.96,422
1790744943,2026-09-30T14:09:03,idle,26.01,53.04,47.71,377
1790744948,2026-09-30T14:09:08,idle,24.89,52.35,47.50,502
1790744954,2026-09-30T14:09:14,idle,23.37,51.58,47.26,469
1790744959,2026-09-30T14:09:19,idle,28.39,52.16,47.49,536
1790744964,2026-09-30T14:09:24,idle,27.16,51.51,47.28,508
1790744969,2026-09-30T14:09:29,idle,25.54,50.77,47.05,702
1790744974,2026-09-30T14:09:34,idle,23.74,49.97,46.79,421
1790744979,2026-09-30T14:09:39,idle,22.24,49.23,46.54,374
1790744984,2026-09-30T14:09:44,idle,21.26,48.57,46.33,391
1790744989,2026-09-30T14:09:49,Q7AcceptLatencyBenchmark.sideBySide*,19.63,47.78,46.06,666
1790744994,2026-09-30T14:09:54,Q7AcceptLatencyBenchmark.fsync*,19.18,47.22,45.88,687
1790744999,2026-09-30T14:09:59,Q7AcceptLatencyBenchmark.fsync*,21.73,47.29,45.91,715
1790745004,2026-09-30T14:10:04,Q7AcceptLatencyBenchmark.fsync*,20.63,46.63,45.68,606
1790745009,2026-09-30T14:10:09,Q7AcceptLatencyBenchmark.fsync*,21.14,46.31,45.57,677
1790745014,2026-09-30T14:10:14,Q7AcceptLatencyBenchmark.fsync*,19.93,45.64,45.34,686
1790745019,2026-09-30T14:10:19,Q7AcceptLatencyBenchmark.fsync*,19.93,45.21,45.19,637
1790745024,2026-09-30T14:10:24,Q7AcceptLatencyBenchmark.fsync*,19.22,44.64,44.99,633
1790745029,2026-09-30T14:10:29,Q7AcceptLatencyBenchmark.fsync*,28.09,46.06,45.49,692
1790745034,2026-09-30T14:10:34,Q7AcceptLatencyBenchmark.fsync*,27.36,45.61,45.33,877
1790745039,2026-09-30T14:10:39,Q7AcceptLatencyBenchmark.fsync*,29.89,45.83,45.41,845
1790745045,2026-09-30T14:10:45,Q7AcceptLatencyBenchmark.fsync*,35.59,46.75,45.74,723
1790745050,2026-09-30T14:10:50,Q7AcceptLatencyBenchmark.fsync*,35.94,46.64,45.71,766
1790745055,2026-09-30T14:10:55,Q7AcceptLatencyBenchmark.fsync*,34.10,46.08,45.51,662
1790745060,2026-09-30T14:11:00,Q7AcceptLatencyBenchmark.fsync*,36.90,46.46,45.65,598
1790745065,2026-09-30T14:11:05,Q7AcceptLatencyBenchmark.fsync*,34.50,45.80,45.42,595
1790745070,2026-09-30T14:11:10,Q7AcceptLatencyBenchmark.fsync*,32.22,45.14,45.19,606
1790745075,2026-09-30T14:11:15,Q7AcceptLatencyBenchmark.fsync*,31.16,44.71,45.04,587
1790745080,2026-09-30T14:11:20,Q7AcceptLatencyBenchmark.fsync*,29.39,44.11,44.83,763
1790745085,2026-09-30T14:11:25,Q7AcceptLatencyBenchmark.fsync*,27.67,43.51,44.61,605
1790745090,2026-09-30T14:11:30,Q7AcceptLatencyBenchmark.fsync*,26.34,42.97,44.42,635
1790745095,2026-09-30T14:11:36,Q7AcceptLatencyBenchmark.fsync*,25.75,42.58,44.27,495
1790745101,2026-09-30T14:11:41,Q7AcceptLatencyBenchmark.fsync*,39.94,45.24,45.20,574
1790745106,2026-09-30T14:11:46,Q7AcceptLatencyBenchmark.fsync*,47.72,46.76,45.73,440
1790745111,2026-09-30T14:11:51,Q7AcceptLatencyBenchmark.fsync*,44.38,46.09,45.50,497
1790745116,2026-09-30T14:11:56,Q7AcceptLatencyBenchmark.fsync*,41.22,45.40,45.26,504
1790745121,2026-09-30T14:12:01,Q7AcceptLatencyBenchmark.fsync*,41.36,45.36,45.25,556
1790745126,2026-09-30T14:12:06,Q7AcceptLatencyBenchmark.fsync*,46.46,46.35,45.60,465
1790745131,2026-09-30T14:12:11,Q7AcceptLatencyBenchmark.fsync*,43.22,45.68,45.37,607
1790745136,2026-09-30T14:12:16,Q7AcceptLatencyBenchmark.fsync*,40.32,45.04,45.14,607
1790745141,2026-09-30T14:12:22,Q7AcceptLatencyBenchmark.fsync*,46.38,46.22,45.56,397
1790745147,2026-09-30T14:12:27,Q7AcceptLatencyBenchmark.fsync*,43.55,45.63,45.35,559
1790745152,2026-09-30T14:12:32,Q7AcceptLatencyBenchmark.fsync*,49.43,46.82,45.77,689
1790745157,2026-09-30T14:12:37,Q7AcceptLatencyBenchmark.fsync*,46.51,46.26,45.58,542
1790745162,2026-09-30T14:12:42,Q7AcceptLatencyBenchmark.fsync*,43.59,45.65,45.37,530
1790745167,2026-09-30T14:12:47,Q7AcceptLatencyBenchmark.fsync*,46.82,46.29,45.60,510
1790745172,2026-09-30T14:12:52,Q7AcceptLatencyBenchmark.fsync*,46.60,46.25,45.59,429
1790745177,2026-09-30T14:12:57,Q7AcceptLatencyBenchmark.fsync*,49.19,46.80,45.78,543
1790745182,2026-09-30T14:13:02,Q7AcceptLatencyBenchmark.fsync*,46.45,46.27,45.60,506
1790745187,2026-09-30T14:13:07,Q7AcceptLatencyBenchmark.fsync*,43.69,45.70,45.41,580
1790745192,2026-09-30T14:13:12,Q7AcceptLatencyBenchmark.fsync*,48.68,46.70,45.76,656
1790745197,2026-09-30T14:13:17,Q7AcceptLatencyBenchmark.fsync*,45.02,45.97,45.51,698
1790745202,2026-09-30T14:13:22,Q7AcceptLatencyBenchmark.fsync*,44.38,45.82,45.46,546
1790745207,2026-09-30T14:13:27,Q7AcceptLatencyBenchmark.fsync*,42.11,45.33,45.29,650
1790745212,2026-09-30T14:13:32,Q7AcceptLatencyBenchmark.fsync*,40.42,44.92,45.14,596
1790745217,2026-09-30T14:13:37,Q7AcceptLatencyBenchmark.fsync*,41.43,45.06,45.19,830
1790745222,2026-09-30T14:13:42,Q7AcceptLatencyBenchmark.fsync*,39.87,44.67,45.05,589
1790745228,2026-09-30T14:13:48,Q7AcceptLatencyBenchmark.fsync*,39.88,44.60,45.02,621
1790745233,2026-09-30T14:13:53,Q7AcceptLatencyBenchmark.fsync*,39.57,44.45,44.97,531
1790745238,2026-09-30T14:13:58,Q7AcceptLatencyBenchmark.fsync*,37.76,44.00,44.81,523
1790745243,2026-09-30T14:14:03,Q7AcceptLatencyBenchmark.fsync*,43.95,45.18,45.22,345
1790745248,2026-09-30T14:14:08,Q7AcceptLatencyBenchmark.fsync*,40.91,44.53,44.99,642
1790745253,2026-09-30T14:14:13,Q7AcceptLatencyBenchmark.fsync*,39.12,44.00,44.80,657
1790745258,2026-09-30T14:14:18,Q7AcceptLatencyBenchmark.fsync*,40.55,44.22,44.87,567
1790745263,2026-09-30T14:14:23,Q7AcceptLatencyBenchmark.fsync*,38.02,43.63,44.66,548
1790745268,2026-09-30T14:14:28,Q7AcceptLatencyBenchmark.fsync*,38.26,43.59,44.64,511
1790745273,2026-09-30T14:14:33,Q7AcceptLatencyBenchmark.fsync*,42.08,44.29,44.88,504
1790745278,2026-09-30T14:14:38,Q7AcceptLatencyBenchmark.fsync*,39.35,43.69,44.66,319
1790745283,2026-09-30T14:14:43,Q7AcceptLatencyBenchmark.fsync*,36.60,43.05,44.43,377
1790745288,2026-09-30T14:14:48,Q7AcceptLatencyBenchmark.fsync*,34.15,42.43,44.20,370
1790745293,2026-09-30T14:14:53,Q7AcceptLatencyBenchmark.fsync*,32.78,42.01,44.04,609
1790745298,2026-09-30T14:14:58,Q7AcceptLatencyBenchmark.fsync*,34.56,42.23,44.11,709
1790745303,2026-09-30T14:15:03,Q7AcceptLatencyBenchmark.fsync*,34.03,41.99,44.01,701
1790745309,2026-09-30T14:15:09,Q7AcceptLatencyBenchmark.fsync*,42.12,43.53,44.55,629
1790745314,2026-09-30T14:15:14,Q7AcceptLatencyBenchmark.fsync*,40.51,43.18,44.41,621
1790745319,2026-09-30T14:15:19,Q7AcceptLatencyBenchmark.fsync*,38.22,42.66,44.22,586
1790745324,2026-09-30T14:15:24,Q7AcceptLatencyBenchmark.fsync*,44.05,43.79,44.61,714
1790745329,2026-09-30T14:15:29,Q7AcceptLatencyBenchmark.fsync*,43.41,43.66,44.56,572
1790745334,2026-09-30T14:15:34,Q7AcceptLatencyBenchmark.fsync*,40.41,43.04,44.34,537
1790745339,2026-09-30T14:15:39,Q7AcceptLatencyBenchmark.fsync*,37.57,42.41,44.11,446
1790745344,2026-09-30T14:15:44,Q7AcceptLatencyBenchmark.fsync*,35.21,41.83,43.89,431
1790745349,2026-09-30T14:15:50,Q7AcceptLatencyBenchmark.fsync*,33.59,41.39,43.73,530
1790745355,2026-09-30T14:15:55,Q7AcceptLatencyBenchmark.fsync*,31.38,40.80,43.50,329
1790745360,2026-09-30T14:16:00,Q7AcceptLatencyBenchmark.fsync*,29.03,40.16,43.26,482
1790745365,2026-09-30T14:16:05,Q7AcceptLatencyBenchmark.fsync*,26.78,39.51,43.01,393
1790745370,2026-09-30T14:16:10,Q7AcceptLatencyBenchmark.fsync*,24.88,38.90,42.78,333
1790745375,2026-09-30T14:16:15,Q7AcceptLatencyBenchmark.fsync*,23.60,38.40,42.58,407
1790745380,2026-09-30T14:16:20,Q7AcceptLatencyBenchmark.fsync*,22.27,37.88,42.37,401
1790745385,2026-09-30T14:16:25,Q7AcceptLatencyBenchmark.fsync*,24.73,38.13,42.43,692
1790745390,2026-09-30T14:16:30,Q7AcceptLatencyBenchmark.fsync*,23.55,37.66,42.24,510
1790745395,2026-09-30T14:16:35,Q7AcceptLatencyBenchmark.fsync*,22.15,37.14,42.03,473
1790745400,2026-09-30T14:16:40,Q7AcceptLatencyBenchmark.fsync*,21.02,36.65,41.83,462
1790745405,2026-09-30T14:16:45,Q7AcceptLatencyBenchmark.fsync*,19.97,36.18,41.63,460
1790745410,2026-09-30T14:16:50,Q7AcceptLatencyBenchmark.fsync*,18.77,35.66,41.42,556
1790745415,2026-09-30T14:16:55,Q7AcceptLatencyBenchmark.fsync*,22.80,36.21,41.58,300
1790745420,2026-09-30T14:17:00,Q7AcceptLatencyBenchmark.fsync*,21.21,35.66,41.35,418
1790745425,2026-09-30T14:17:05,Q7AcceptLatencyBenchmark.fsync*,20.07,35.19,41.15,277
1790745430,2026-09-30T14:17:10,Q7AcceptLatencyBenchmark.fsync*,18.94,34.70,40.94,410
1790745435,2026-09-30T14:17:15,Q7AcceptLatencyBenchmark.fsync*,18.07,34.26,40.75,339
1790745440,2026-09-30T14:17:20,Q7AcceptLatencyBenchmark.fsync*,17.02,33.77,40.54,394
1790745445,2026-09-30T14:17:25,Q7AcceptLatencyBenchmark.fsync*,17.10,33.51,40.41,392
1790745450,2026-09-30T14:17:30,Q7AcceptLatencyBenchmark.fsync*,16.69,33.15,40.24,426
1790745455,2026-09-30T14:17:35,Q7AcceptLatencyBenchmark.fsync*,16.15,32.77,40.06,444
1790745461,2026-09-30T14:17:41,Q7AcceptLatencyBenchmark.fsync*,15.18,32.29,39.85,592
1790745466,2026-09-30T14:17:46,Q7AcceptLatencyBenchmark.fsync*,15.09,31.99,39.70,525
1790745471,2026-09-30T14:17:51,Q7AcceptLatencyBenchmark.fsync*,15.40,31.77,39.58,761
1790745476,2026-09-30T14:17:56,Q7AcceptLatencyBenchmark.fsync*,16.17,31.66,39.49,691
1790745481,2026-09-30T14:18:01,Q7AcceptLatencyBenchmark.fsync*,15.43,31.25,39.30,558
1790745486,2026-09-30T14:18:06,Q7AcceptLatencyBenchmark.fsync*,14.60,30.81,39.10,405
1790745491,2026-09-30T14:18:11,Q7AcceptLatencyBenchmark.fsync*,13.67,30.35,38.89,684
1790745496,2026-09-30T14:18:16,Q7AcceptLatencyBenchmark.fsync*,15.94,30.54,38.91,629
1790745501,2026-09-30T14:18:21,Q7AcceptLatencyBenchmark.fsync*,22.27,31.61,39.24,697
1790745506,2026-09-30T14:18:26,Q7AcceptLatencyBenchmark.fsync*,22.89,31.59,39.18,329
1790745511,2026-09-30T14:18:31,Q7AcceptLatencyBenchmark.fsync*,22.34,31.33,39.05,326
1790745516,2026-09-30T14:18:36,Q7AcceptLatencyBenchmark.fsync*,21.03,30.91,38.85,347
1790745521,2026-09-30T14:18:41,Q7AcceptLatencyBenchmark.fsync*,21.10,30.76,38.75,635
1790745526,2026-09-30T14:18:46,Q7AcceptLatencyBenchmark.fsync*,19.97,30.36,38.57,390
1790745531,2026-09-30T14:18:51,Q7AcceptLatencyBenchmark.fsync*,19.50,30.09,38.42,335
1790745536,2026-09-30T14:18:56,Q7AcceptLatencyBenchmark.fsync*,18.82,29.77,38.26,576
1790745541,2026-09-30T14:19:01,Q7AcceptLatencyBenchmark.fsync*,17.95,29.41,38.08,555
1790745546,2026-09-30T14:19:06,Q7AcceptLatencyBenchmark.fsync*,17.71,29.17,37.95,454
1790745551,2026-09-30T14:19:11,Q7AcceptLatencyBenchmark.fsync*,17.18,28.87,37.79,666
1790745557,2026-09-30T14:19:17,Q7AcceptLatencyBenchmark.fsync*,17.56,28.76,37.70,490
1790745562,2026-09-30T14:19:22,Q7AcceptLatencyBenchmark.fsync*,16.72,28.40,37.52,303
1790745567,2026-09-30T14:19:27,Q7AcceptLatencyBenchmark.fsync*,15.54,27.96,37.31,293
1790745572,2026-09-30T14:19:32,Q7AcceptLatencyBenchmark.fsync*,14.69,27.58,37.12,371
1790745577,2026-09-30T14:19:37,Q7AcceptLatencyBenchmark.fsync*,14.32,27.28,36.96,577
1790745582,2026-09-30T14:19:42,Q7AcceptLatencyBenchmark.fsync*,13.41,26.88,36.76,383
1790745587,2026-09-30T14:19:47,Q7AcceptLatencyBenchmark.fsync*,12.66,26.50,36.57,383
1790745592,2026-09-30T14:19:52,Q7AcceptLatencyBenchmark.fsync*,12.44,26.23,36.41,313
1790745597,2026-09-30T14:19:57,Q7AcceptLatencyBenchmark.fsync*,12.09,25.92,36.25,453
1790745602,2026-09-30T14:20:02,Q7AcceptLatencyBenchmark.fsync*,11.36,25.54,36.05,431
1790745607,2026-09-30T14:20:07,Q7AcceptLatencyBenchmark.fsync*,11.25,25.28,35.90,441
1790745612,2026-09-30T14:20:12,Q7AcceptLatencyBenchmark.fsync*,10.99,25.00,35.74,441
1790745617,2026-09-30T14:20:17,Q7AcceptLatencyBenchmark.fsync*,10.67,24.70,35.57,494
1790745622,2026-09-30T14:20:22,Q7AcceptLatencyBenchmark.fsync*,10.14,24.35,35.38,588
1790745627,2026-09-30T14:20:27,Q7AcceptLatencyBenchmark.fsync*,9.96,24.08,35.22,267
1790745632,2026-09-30T14:20:32,Q7AcceptLatencyBenchmark.fsync*,10.37,23.93,35.10,331
1790745637,2026-09-30T14:20:37,Q7AcceptLatencyBenchmark.fsync*,9.86,23.60,34.92,383
1790745642,2026-09-30T14:20:42,Q7AcceptLatencyBenchmark.fsync*,9.47,23.29,34.74,476
1790745647,2026-09-30T14:20:47,Q7AcceptLatencyBenchmark.fsync*,9.51,23.07,34.60,286
1790745652,2026-09-30T14:20:52,Q7AcceptLatencyBenchmark.fsync*,9.23,22.79,34.43,341
1790745657,2026-09-30T14:20:57,Q7AcceptLatencyBenchmark.fsync*,9.21,22.56,34.28,478
1790745662,2026-09-30T14:21:02,Q7AcceptLatencyBenchmark.fsync*,8.79,22.25,34.10,438
1790745668,2026-09-30T14:21:08,Q7AcceptLatencyBenchmark.fsync*,8.57,21.98,33.94,509
1790745673,2026-09-30T14:21:13,Q7AcceptLatencyBenchmark.fsync*,8.28,21.70,33.77,565
1790745678,2026-09-30T14:21:18,Q7AcceptLatencyBenchmark.fsync*,8.50,21.52,33.64,619
1790745683,2026-09-30T14:21:23,Q7AcceptLatencyBenchmark.fsync*,8.62,21.33,33.50,328
1790745688,2026-09-30T14:21:28,Q7AcceptLatencyBenchmark.fsync*,8.01,20.99,33.31,263
1790745693,2026-09-30T14:21:33,Q7AcceptLatencyBenchmark.fsync*,7.77,20.73,33.14,323
1790745698,2026-09-30T14:21:38,Q7AcceptLatencyBenchmark.fsync*,7.39,20.43,32.96,390
1790745703,2026-09-30T14:21:43,Q7AcceptLatencyBenchmark.fsync*,7.39,20.00,32.67,391
1790745708,2026-09-30T14:21:48,Q7AcceptLatencyBenchmark.fsync*,7.12,19.74,32.50,338
1790745713,2026-09-30T14:21:53,Q7AcceptLatencyBenchmark.fsync*,7.35,19.58,32.37,372
1790745718,2026-09-30T14:21:58,Q7AcceptLatencyBenchmark.fsync*,7.32,19.37,32.22,454
1790745723,2026-09-30T14:22:03,Q7AcceptLatencyBenchmark.fsync*,7.14,19.13,32.06,605
1790745728,2026-09-30T14:22:08,Q7AcceptLatencyBenchmark.fsync*,7.77,19.06,31.96,534
1790745733,2026-09-30T14:22:13,Q7AcceptLatencyBenchmark.fsync*,8.51,19.02,31.87,757
1790745738,2026-09-30T14:22:18,Q7AcceptLatencyBenchmark.fsync*,8.47,18.84,31.73,597
1790745743,2026-09-30T14:22:23,Q7AcceptLatencyBenchmark.fsync*,8.75,18.73,31.61,572
1790745748,2026-09-30T14:22:28,Q7AcceptLatencyBenchmark.fsync*,8.45,18.50,31.46,384
1790745753,2026-09-30T14:22:33,Q7AcceptLatencyBenchmark.fsync*,8.09,18.26,31.30,323
1790745758,2026-09-30T14:22:38,Q7AcceptLatencyBenchmark.fsync*,7.92,18.06,31.15,354
1790745763,2026-09-30T14:22:43,Q7AcceptLatencyBenchmark.fsync*,11.77,18.69,31.29,421
1790745768,2026-09-30T14:22:48,Q7AcceptLatencyBenchmark.fsync*,11.47,18.51,31.16,386
1790745773,2026-09-30T14:22:53,Q7AcceptLatencyBenchmark.fsync*,10.87,18.27,31.00,455
1790745779,2026-09-30T14:22:59,Q7AcceptLatencyBenchmark.fsync*,10.56,18.08,30.86,498
1790745784,2026-09-30T14:23:04,Q7AcceptLatencyBenchmark.fsync*,10.20,17.88,30.71,397
1790745789,2026-09-30T14:23:09,Q7AcceptLatencyBenchmark.fsync*,12.90,18.31,30.79,602
1790745794,2026-09-30T14:23:14,Q7AcceptLatencyBenchmark.fsync*,12.59,18.16,30.66,451
1790745799,2026-09-30T14:23:19,Q7AcceptLatencyBenchmark.fsync*,13.34,18.22,30.61,587
1790745804,2026-09-30T14:23:24,Q7AcceptLatencyBenchmark.fsync*,13.88,18.25,30.55,566
1790745809,2026-09-30T14:23:29,Q7AcceptLatencyBenchmark.fsync*,13.81,18.16,30.44,606
1790745814,2026-09-30T14:23:34,Q7AcceptLatencyBenchmark.fsync*,13.10,17.94,30.29,457
1790745819,2026-09-30T14:23:39,Q7AcceptLatencyBenchmark.fsync*,12.61,17.76,30.16,544
1790745824,2026-09-30T14:23:44,Q7AcceptLatencyBenchmark.fsync*,12.56,17.67,30.05,522
1790745829,2026-09-30T14:23:49,Q7AcceptLatencyBenchmark.fsync*,12.36,17.54,29.93,408
1790745834,2026-09-30T14:23:54,Q7AcceptLatencyBenchmark.fsync*,11.93,17.36,29.80,654
1790745839,2026-09-30T14:23:59,Q7AcceptLatencyBenchmark.fsync*,11.21,17.12,29.64,365
1790745844,2026-09-30T14:24:04,Q7AcceptLatencyBenchmark.fsync*,11.35,17.06,29.54,475
1790745849,2026-09-30T14:24:09,Q7AcceptLatencyBenchmark.fsync*,21.82,19.13,30.20,695
1790745854,2026-09-30T14:24:14,Q7AcceptLatencyBenchmark.fsync*,20.39,18.88,30.05,548
1790745859,2026-09-30T14:24:19,Q7AcceptLatencyBenchmark.fsync*,19.80,18.78,29.95,587
1790745864,2026-09-30T14:24:24,Q7AcceptLatencyBenchmark.fsync*,18.45,18.52,29.79,485
1790745869,2026-09-30T14:24:29,Q7AcceptLatencyBenchmark.fsync*,17.46,18.31,29.65,603
1790745874,2026-09-30T14:24:34,Q7AcceptLatencyBenchmark.fsync*,16.46,18.09,29.51,656
1790745879,2026-09-30T14:24:39,Q7AcceptLatencyBenchmark.fsync*,15.62,17.89,29.37,551
1790745884,2026-09-30T14:24:44,Q7AcceptLatencyBenchmark.fsync*,14.77,17.67,29.23,322
1790745890,2026-09-30T14:24:50,idle,13.91,17.45,29.08,436
1790745895,2026-09-30T14:24:55,idle,13.03,17.21,28.92,244
1790745900,2026-09-30T14:25:00,Q7AcceptLatencyBenchmark.sideBySideFsync*,12.39,17.00,28.78,649
1790745905,2026-09-30T14:25:05,Q7AcceptLatencyBenchmark.sideBySideFsync*,11.72,16.79,28.64,543
1790745910,2026-09-30T14:25:10,Q7AcceptLatencyBenchmark.sideBySideFsync*,11.50,16.66,28.52,415
1790745915,2026-09-30T14:25:15,Q7AcceptLatencyBenchmark.sideBySideFsync*,12.98,16.88,28.53,366
1790745920,2026-09-30T14:25:20,Q7AcceptLatencyBenchmark.sideBySideFsync*,12.58,16.73,28.41,499
1790745925,2026-09-30T14:25:25,Q7AcceptLatencyBenchmark.sideBySideFsync*,12.70,16.69,28.33,328
1790745930,2026-09-30T14:25:30,Q7AcceptLatencyBenchmark.sideBySideFsync*,12.80,16.64,28.24,478
1790745935,2026-09-30T14:25:35,Q7AcceptLatencyBenchmark.sideBySideFsync*,12.09,16.43,28.10,557
1790745940,2026-09-30T14:25:40,Q7AcceptLatencyBenchmark.sideBySideFsync*,11.69,16.27,27.98,370
1790745945,2026-09-30T14:25:45,Q7AcceptLatencyBenchmark.sideBySideFsync*,13.95,16.67,28.05,384
1790745950,2026-09-30T14:25:50,Q7AcceptLatencyBenchmark.sideBySideFsync*,13.48,16.52,27.93,494
1790745955,2026-09-30T14:25:55,Q7AcceptLatencyBenchmark.sideBySideFsync*,12.96,16.37,27.81,622
1790745960,2026-09-30T14:26:00,Q7AcceptLatencyBenchmark.sideBySideFsync*,13.04,16.33,27.73,398
1790745965,2026-09-30T14:26:05,Q7AcceptLatencyBenchmark.sideBySideFsync*,12.64,16.19,27.61,453
1790745970,2026-09-30T14:26:10,Q7AcceptLatencyBenchmark.sideBySideFsync*,14.59,16.53,27.66,374
1790745976,2026-09-30T14:26:16,Q7AcceptLatencyBenchmark.sideBySideFsync*,15.34,16.66,27.64,251
1790745981,2026-09-30T14:26:21,Q7AcceptLatencyBenchmark.sideBySideFsync*,14.75,16.51,27.53,754
1790745986,2026-09-30T14:26:26,Q7AcceptLatencyBenchmark.sideBySideFsync*,16.21,16.79,27.56,415
1790745991,2026-09-30T14:26:31,Q7AcceptLatencyBenchmark.sideBySideFsync*,15.88,16.71,27.47,343
1790745996,2026-09-30T14:26:36,Q7AcceptLatencyBenchmark.sideBySideFsync*,15.25,16.56,27.35,384
1790746001,2026-09-30T14:26:41,Q7AcceptLatencyBenchmark.sideBySideFsync*,14.58,16.40,27.23,496
1790746006,2026-09-30T14:26:46,Q7AcceptLatencyBenchmark.sideBySideFsync*,14.14,16.28,27.13,272
1790746011,2026-09-30T14:26:51,Q7AcceptLatencyBenchmark.sideBySideFsync*,14.29,16.27,27.06,549
1790746016,2026-09-30T14:26:56,Q7AcceptLatencyBenchmark.sideBySideFsync*,13.94,16.17,26.96,466
1790746021,2026-09-30T14:27:01,Q7AcceptLatencyBenchmark.sideBySideFsync*,13.47,16.03,26.85,342
1790746026,2026-09-30T14:27:06,Q7AcceptLatencyBenchmark.sideBySideFsync*,12.95,15.88,26.73,581
1790746031,2026-09-30T14:27:11,Q7AcceptLatencyBenchmark.sideBySideFsync*,12.23,15.69,26.60,395
1790746036,2026-09-30T14:27:16,Q7AcceptLatencyBenchmark.sideBySideFsync*,12.05,15.59,26.50,434
1790746041,2026-09-30T14:27:21,Q7AcceptLatencyBenchmark.sideBySideFsync*,11.25,15.36,26.36,344
1790746046,2026-09-30T14:27:26,Q7AcceptLatencyBenchmark.sideBySideFsync*,11.07,15.26,26.26,535
1790746051,2026-09-30T14:27:31,Q7AcceptLatencyBenchmark.sideBySideFsync*,10.42,15.06,26.12,528
1790746056,2026-09-30T14:27:36,Q7AcceptLatencyBenchmark.sideBySideFsync*,10.15,14.92,26.01,414
1790746062,2026-09-30T14:27:42,Q7AcceptLatencyBenchmark.sideBySideFsync*,10.05,14.82,25.91,394
1790746067,2026-09-30T14:27:47,Q7AcceptLatencyBenchmark.sideBySideFsync*,12.69,15.29,26.01,467
1790746072,2026-09-30T14:27:52,Q7AcceptLatencyBenchmark.sideBySideFsync*,12.16,15.14,25.89,382
1790746077,2026-09-30T14:27:57,Q7AcceptLatencyBenchmark.sideBySideFsync*,11.74,15.00,25.78,612
1790746082,2026-09-30T14:28:02,Q7AcceptLatencyBenchmark.sideBySideFsync*,11.04,14.80,25.65,335
1790746087,2026-09-30T14:28:07,Q7AcceptLatencyBenchmark.sideBySideFsync*,10.80,14.69,25.54,340
1790746092,2026-09-30T14:28:12,Q7AcceptLatencyBenchmark.sideBySideFsync*,10.97,14.66,25.47,339
1790746097,2026-09-30T14:28:17,Q7AcceptLatencyBenchmark.sideBySideFsync*,10.34,14.47,25.34,327
1790746102,2026-09-30T14:28:22,Q7AcceptLatencyBenchmark.sideBySideFsync*,9.91,14.31,25.22,569
1790746107,2026-09-30T14:28:27,Q7AcceptLatencyBenchmark.sideBySideFsync*,9.44,14.14,25.09,289
1790746112,2026-09-30T14:28:32,Q7AcceptLatencyBenchmark.sideBySideFsync*,9.40,14.05,25.00,332
1790746117,2026-09-30T14:28:37,Q7AcceptLatencyBenchmark.sideBySideFsync*,9.13,13.92,24.89,370
1790746122,2026-09-30T14:28:42,Q7AcceptLatencyBenchmark.sideBySideFsync*,9.36,13.89,24.81,353
1790746127,2026-09-30T14:28:47,Q7AcceptLatencyBenchmark.sideBySideFsync*,9.01,13.74,24.69,403
1790746132,2026-09-30T14:28:52,Q7AcceptLatencyBenchmark.sideBySideFsync*,8.93,13.64,24.60,347
1790746137,2026-09-30T14:28:57,Q7AcceptLatencyBenchmark.sideBySideFsync*,15.82,14.99,25.01,355
1790746142,2026-09-30T14:29:02,Q7AcceptLatencyBenchmark.sideBySideFsync*,14.87,14.81,24.88,460
1790746147,2026-09-30T14:29:07,Q7AcceptLatencyBenchmark.sideBySideFsync*,14.48,14.73,24.80,686
1790746152,2026-09-30T14:29:12,Q7AcceptLatencyBenchmark.sideBySideFsync*,13.88,14.60,24.69,526
1790746157,2026-09-30T14:29:17,Q7AcceptLatencyBenchmark.sideBySideFsync*,13.57,14.52,24.61,458
1790746163,2026-09-30T14:29:23,Q7AcceptLatencyBenchmark.sideBySideFsync*,13.12,14.42,24.51,465
1790746168,2026-09-30T14:29:28,Q7AcceptLatencyBenchmark.sideBySideFsync*,12.79,14.33,24.42,441
1790746173,2026-09-30T14:29:33,Q7AcceptLatencyBenchmark.sideBySideFsync*,11.93,14.12,24.29,368
1790746178,2026-09-30T14:29:38,Q7AcceptLatencyBenchmark.sideBySideFsync*,11.94,14.09,24.21,258
1790746183,2026-09-30T14:29:43,Q7AcceptLatencyBenchmark.sideBySideFsync*,11.62,13.98,24.12,241
1790746188,2026-09-30T14:29:48,Q7AcceptLatencyBenchmark.sideBySideFsync*,11.09,13.83,24.01,349
1790746193,2026-09-30T14:29:53,Q7AcceptLatencyBenchmark.sideBySideFsync*,10.61,13.64,23.82,282
1790746198,2026-09-30T14:29:58,Q7AcceptLatencyBenchmark.sideBySideFsync*,10.00,13.47,23.70,230
1790746203,2026-09-30T14:30:03,Q7AcceptLatencyBenchmark.sideBySideFsync*,9.84,13.37,23.60,522
1790746208,2026-09-30T14:30:08,Q7AcceptLatencyBenchmark.sideBySideFsync*,10.26,13.40,23.55,414
1790746213,2026-09-30T14:30:13,Q7AcceptLatencyBenchmark.sideBySideFsync*,9.75,13.25,23.44,341
1790746218,2026-09-30T14:30:18,Q7AcceptLatencyBenchmark.sideBySideFsync*,9.37,13.11,23.33,521
1790746223,2026-09-30T14:30:23,Q7AcceptLatencyBenchmark.sideBySideFsync*,9.10,12.99,23.23,490
1790746228,2026-09-30T14:30:28,Q7AcceptLatencyBenchmark.sideBySideFsync*,9.34,12.97,23.16,345
1790746233,2026-09-30T14:30:33,Q7AcceptLatencyBenchmark.sideBySideFsync*,8.99,12.84,23.06,303
1790746238,2026-09-30T14:30:38,Q7AcceptLatencyBenchmark.sideBySideFsync*,8.35,12.64,22.93,301
1790746243,2026-09-30T14:30:43,Q7AcceptLatencyBenchmark.sideBySideFsync*,8.08,12.52,22.82,285
1790746248,2026-09-30T14:30:48,Q7AcceptLatencyBenchmark.sideBySideFsync*,7.83,12.39,22.72,283
1790746253,2026-09-30T14:30:53,Q7AcceptLatencyBenchmark.sideBySideFsync*,8.09,12.37,22.65,324
1790746259,2026-09-30T14:30:59,Q7AcceptLatencyBenchmark.sideBySideFsync*,8.00,12.28,22.56,422
1790746264,2026-09-30T14:31:04,Q7AcceptLatencyBenchmark.sideBySideFsync*,9.28,12.47,22.56,352
1790746269,2026-09-30T14:31:09,Q7AcceptLatencyBenchmark.sideBySideFsync*,8.94,12.35,22.46,544
1790746274,2026-09-30T14:31:14,Q7AcceptLatencyBenchmark.sideBySideFsync*,11.26,12.77,22.55,373
1790746279,2026-09-30T14:31:19,Q7AcceptLatencyBenchmark.sideBySideFsync*,10.68,12.63,22.44,544
1790746284,2026-09-30T14:31:24,Q7AcceptLatencyBenchmark.sideBySideFsync*,10.07,12.47,22.33,476
1790746289,2026-09-30T14:31:29,Q7AcceptLatencyBenchmark.sideBySideFsync*,9.50,12.31,22.22,326
1790746294,2026-09-30T14:31:34,Q7AcceptLatencyBenchmark.sideBySideFsync*,8.82,12.12,22.09,348
1790746299,2026-09-30T14:31:39,Q7AcceptLatencyBenchmark.sideBySideFsync*,8.83,12.07,22.01,351
1790746304,2026-09-30T14:31:44,Q7AcceptLatencyBenchmark.sideBySideFsync*,8.21,11.89,21.89,297
1790746309,2026-09-30T14:31:49,Q7AcceptLatencyBenchmark.sideBySideFsync*,10.99,12.40,22.01,338
1790746314,2026-09-30T14:31:54,Q7AcceptLatencyBenchmark.sideBySideFsync*,10.99,12.38,21.95,531
1790746319,2026-09-30T14:31:59,idle,10.43,12.24,21.84,322
1790746324,2026-09-30T14:32:04,idle,10.00,12.12,21.74,354
1790746329,2026-09-30T14:32:09,idle,9.36,11.95,21.63,367
1790746334,2026-09-30T14:32:14,idle,9.09,11.85,21.54,273
1790746339,2026-09-30T14:32:19,idle,9.08,11.80,21.46,481
1790746344,2026-09-30T14:32:24,idle,8.75,11.69,21.37,346
1790746349,2026-09-30T14:32:29,idle,9.25,11.75,21.33,388
1790746354,2026-09-30T14:32:34,idle,8.83,11.62,21.23,244
1790746360,2026-09-30T14:32:40,idle,8.45,11.49,21.13,300
1790746365,2026-09-30T14:32:45,idle,8.25,11.40,21.04,203
1790746370,2026-09-30T14:32:50,idle,8.71,11.44,21.00,473
1790746375,2026-09-30T14:32:55,idle,8.33,11.32,20.90,261
1790746380,2026-09-30T14:33:00,idle,8.39,11.28,20.83,266
1790746385,2026-09-30T14:33:05,idle,8.59,11.27,20.77,265
1790746390,2026-09-30T14:33:10,idle,9.43,11.40,20.76,281
1790746395,2026-09-30T14:33:15,idle,9.23,11.33,20.68,269
1790746400,2026-09-30T14:33:20,idle,8.65,11.17,20.57,398
1790746405,2026-09-30T14:33:25,idle,11.32,11.69,20.69,330
1790746410,2026-09-30T14:33:30,idle,10.74,11.56,20.59,430
1790746415,2026-09-30T14:33:35,idle,10.36,11.47,20.51,270
1790746420,2026-09-30T14:33:40,idle,9.77,11.33,20.41,347
1790746425,2026-09-30T14:33:45,idle,9.63,11.27,20.33,396
1790746430,2026-09-30T14:33:50,idle,9.34,11.18,20.25,308
1790746436,2026-09-30T14:33:56,idle,9.55,11.19,20.20,288
1790746441,2026-09-30T14:34:01,idle,9.18,11.09,20.11,286
1790746446,2026-09-30T14:34:06,idle,9.89,11.21,20.10,279
1790746451,2026-09-30T14:34:11,idle,9.26,11.05,19.99,250
1790746456,2026-09-30T14:34:16,idle,8.76,10.92,19.89,240
1790746461,2026-09-30T14:34:21,idle,8.78,10.89,19.83,460
1790746466,2026-09-30T14:34:26,idle,9.75,11.05,19.83,442
1790746471,2026-09-30T14:34:31,idle,10.01,11.09,19.79,325
1790746476,2026-09-30T14:34:36,idle,12.49,11.58,19.92,296
1790746481,2026-09-30T14:34:41,idle,12.37,11.57,19.87,566
1790746486,2026-09-30T14:34:46,idle,12.02,11.51,19.80,428
1790746491,2026-09-30T14:34:51,idle,16.43,12.43,20.07,240
1790746496,2026-09-30T14:34:56,idle,15.75,12.36,20.00,219
1790746501,2026-09-30T14:35:01,idle,14.89,12.24,19.91,245
1790746506,2026-09-30T14:35:06,idle,14.18,12.13,19.83,314
1790746512,2026-09-30T14:35:12,idle,14.00,12.13,19.79,368
1790746517,2026-09-30T14:35:17,idle,13.36,12.03,19.70,456
