offered_per_sec,rep,committed_records_per_sec,tx_per_sec,records_per_tx_p50,records_per_tx_mean,records_per_tx_max,commit_call_p50_ms,commit_call_p99_ms,accept_p50_ms,accept_p99_ms
1000,1,998.2,80.4,12,12.4,33,1.197,14.701,7.253,25.085
5000,1,6231.8,65.4,56,95.3,4807,1.114,29.245,10.140,519.382
10000,1,10009.6,30.0,126,333.7,10170,2.542,394.688,179.336,1820.616
20000,1,14882.2,50.6,237,294.1,4774,1.795,204.857,12.292,1703.089
50000,1,48532.6,79.4,577,611.2,1785,1.518,18.618,8.372,607.080
0,1,314318.4,67.8,4536,4636.0,11736,2.552,18.531,8.858,28.554
1000,2,1004.6,45.4,12,22.1,343,1.653,184.469,21.169,506.001
5000,2,4637.2,46.6,57,99.5,1350,1.384,202.059,24.847,538.648
10000,2,9876.2,78.8,116,125.3,1329,1.556,16.276,8.103,877.087
20000,2,20022.6,83.8,233,238.9,565,1.630,5.210,7.816,20.872
50000,2,60335.2,46.4,597,1300.3,7748,1.879,571.942,171.544,2114.966
0,2,109591.2,26.8,3731,4089.2,14738,2.649,293.951,10.450,1405.600
1000,3,967.2,75.0,12,12.9,183,1.027,31.142,7.903,674.384
5000,3,4993.6,85.4,56,58.5,159,1.088,11.027,7.281,23.073
10000,3,10587.2,65.8,118,160.9,2451,1.764,93.583,10.358,196.095
20000,3,19915.2,32.2,249,618.5,8266,2.399,396.398,174.624,1389.995
50000,3,34784.0,54.8,585,634.7,5012,1.685,65.171,11.269,2691.658
0,3,234605.6,56.8,4056,4130.4,6511,3.135,39.342,9.839,533.517
