producers,commit_ms,rep,offered_records_per_sec,committed_records_per_sec,commits_per_sec,commit_upper_bound_per_sec,records_per_tx_mean,records_per_tx_p50,commit_call_p50_ms,commit_call_p99_ms,accept_p50_ms,accept_p99_ms,accept_max_ms,client_cpu_cores,errors,error_kinds,broker_idle_cpu_cores,broker_cpu_cores,broker_cpu_us_per_commit_over_idle,window_ms
64,10,1,3648.0,3646.3,1913.2,6400.0,1.91,2,1.524,70.428,17.791,306.345,468.816,0.84,0,,0.07,2.07,1032.1,9940
64,40,1,3648.0,3649.5,939.8,1600.0,3.88,3,0.232,292.661,38.069,1003.177,1333.721,0.71,0,,0.18,0.90,773.8,10039
64,100,1,3648.0,3644.1,477.1,640.0,7.64,7,0.287,752.419,74.818,980.828,1229.811,0.67,0,,0.05,0.83,1704.3,10627
256,10,1,14592.0,14589.8,3297.7,25600.0,4.42,3,36.043,666.503,97.641,1620.163,2477.338,1.25,0,,0.17,1.39,368.4,10057
256,40,1,14592.0,15036.5,1771.9,6400.0,8.49,5,34.899,1366.868,228.856,2612.163,3727.443,1.43,0,,0.19,1.27,641.2,10817
256,100,1,14592.0,14582.5,1322.1,2560.0,11.03,7,2.644,1152.458,151.299,1874.268,2625.908,1.48,0,,0.18,1.23,880.3,11447
1024,10,1,58368.0,54993.0,1267.2,102400.0,43.40,29,472.733,3434.987,1248.859,4415.534,5508.441,1.69,0,,0.14,1.00,685.1,11655
1024,40,1,58368.0,50676.8,918.2,25600.0,55.19,34,563.635,4769.492,1706.465,5334.251,7148.681,1.72,0,,0.06,1.00,1130.8,13471
1024,100,1,58368.0,50938.7,1347.2,10240.0,37.81,15,144.710,4796.713,1628.494,5220.563,8185.085,1.77,0,,0.10,1.04,770.4,12607
64,10,2,3648.0,3656.1,1743.7,6400.0,2.10,2,0.221,227.559,10.523,549.822,723.674,0.63,0,,0.15,1.03,503.1,10010
64,40,2,3648.0,3630.8,909.6,1600.0,3.99,3,0.203,630.521,37.980,928.643,1130.328,0.60,0,,0.08,0.87,862.9,10041
64,100,2,3648.0,3654.2,543.8,640.0,6.72,7,0.199,4.584,59.895,104.411,148.643,0.42,0,,0.05,0.57,957.8,10100
256,10,2,14592.0,14598.6,3808.6,25600.0,3.83,2,33.277,530.591,78.368,1912.829,2331.864,1.23,0,,0.07,1.40,348.2,10033
256,40,2,14592.0,13916.7,2397.9,6400.0,5.80,4,10.758,904.709,92.064,2067.133,2621.355,1.32,0,,0.15,1.40,554.1,10825
256,100,2,14592.0,14615.2,1267.8,2560.0,11.53,7,0.731,3076.550,118.993,3566.764,4283.478,1.29,0,,0.14,1.16,806.7,10100
1024,10,2,58368.0,54253.8,1247.9,102400.0,43.48,29,530.742,4260.385,1145.099,4373.619,5422.805,1.63,0,,0.10,0.97,823.5,13753
1024,40,2,58368.0,57139.7,957.6,25600.0,59.67,28,461.167,5398.621,1890.465,6552.895,8760.048,1.76,1,InvalidTxnStateException,0.13,0.95,991.7,14061
1024,100,2,58368.0,57965.5,854.5,10240.0,67.84,22,257.438,7874.006,2279.097,7645.849,12924.969,1.62,1,KafkaException,0.08,0.94,1221.2,14797
