producers,commit_ms,rep,offered_records_per_sec,committed_records_per_sec,commits_per_sec,commit_upper_bound_per_sec,records_per_tx_mean,records_per_tx_p50,commit_call_p50_ms,commit_call_p99_ms,accept_p50_ms,accept_p99_ms,accept_max_ms,client_cpu_cores,errors,error_kinds,window_ms
64,10,1,3648.0,3643.1,2274.3,6400.0,1.60,1,0.162,28.968,10.314,60.043,120.524,0.49,0,,10010
64,40,1,3648.0,3648.7,1112.1,1600.0,3.28,3,0.155,3.518,29.632,44.117,65.840,0.38,0,,9913
64,100,1,3648.0,3641.3,543.4,640.0,6.70,7,0.169,4.995,60.064,102.922,122.456,0.33,0,,9969
256,10,1,14592.0,14537.2,8069.5,25600.0,1.80,1,0.341,71.942,10.588,302.726,494.899,1.10,0,,9902
256,40,1,14592.0,14676.6,4340.6,6400.0,3.38,3,0.173,52.483,31.918,112.926,171.000,1.03,0,,9916
256,100,1,14592.0,14615.6,2115.0,2560.0,6.91,7,0.277,63.673,65.951,267.320,531.578,1.17,0,,9967
1024,10,1,58368.0,57743.9,4833.5,102400.0,11.95,8,99.670,930.360,411.450,1423.043,2069.763,1.60,0,,10272
1024,40,1,58368.0,59055.2,3366.9,25600.0,17.54,16,263.954,1072.180,491.044,1454.226,2076.016,1.67,0,,10423
1024,100,1,58368.0,61278.0,4596.0,10240.0,13.33,9,36.653,1400.261,219.068,1925.841,3252.912,1.91,0,,10522
64,10,2,3648.0,3662.0,2199.4,6400.0,1.66,1,0.192,34.050,10.364,125.281,227.030,0.68,0,,10812
64,40,2,3648.0,888.0,9.3,1600.0,95.48,95,2991.871,9060.620,24755.620,38361.126,40495.010,0.87,53,KafkaException|TransactionAbortableException,611186
64,100,2,3648.0,617.2,93.1,640.0,6.63,7,0.600,3.346,60.227,102.937,112.748,0.25,53,KafkaException,9895
256,10,2,14592.0,15906.5,4116.7,25600.0,3.86,2,32.477,432.234,80.109,878.187,1585.887,1.20,0,,9755
256,40,2,14592.0,11569.3,1819.9,6400.0,6.36,4,4.263,837.924,110.076,1807.441,2456.157,1.23,134,TransactionAbortableException|KafkaException,927420
256,100,2,14592.0,6956.0,1021.5,2560.0,6.81,7,0.199,47.515,62.074,237.341,497.723,0.70,134,KafkaException,10099
1024,10,2,58368.0,56938.4,6023.7,102400.0,9.45,7,103.353,487.060,291.500,795.317,1255.890,1.48,0,,10433
1024,40,2,58368.0,55257.0,2003.4,25600.0,27.58,22,352.217,2371.749,750.710,3583.049,4741.738,1.83,0,,10735
1024,100,2,58368.0,55713.3,2465.1,10240.0,22.60,12,73.846,2236.958,721.824,3062.240,4569.948,1.91,0,,11768
