run,worker,group,takeovers,a_acked,a_acked_not_stored,a_failed,a_failed_but_stored,b_acked,b_acked_not_stored,slot_taken,duplicate,gaps,log_duplicate_seqs
1,LEASE_EQ/caught-up,BEFORE_LEASE,87,174,1,0,0,,,,,,
1,LEASE_EQ/caught-up,OVERLAP_LEASE,8,16,8,0,0,,,,,,
1,LEASE_EQ/caught-up,AFTER_LEASE_BEFORE_INIT,79,158,158,0,0,,,,,,
1,LEASE_EQ/caught-up,FENCED,126,0,0,252,0,,,,,,
1,LEASE_EQ/caught-up,ALL,300,348,167,252,0,600,0,0,0,167,0
1,LEASE_EQ_FOR_SHARE/caught-up,BEFORE_LEASE,87,174,2,0,0,,,,,,
1,LEASE_EQ_FOR_SHARE/caught-up,OVERLAP_LEASE,8,16,9,0,0,,,,,,
1,LEASE_EQ_FOR_SHARE/caught-up,AFTER_LEASE_BEFORE_INIT,79,158,158,0,0,,,,,,
1,LEASE_EQ_FOR_SHARE/caught-up,FENCED,126,0,0,252,0,,,,,,
1,LEASE_EQ_FOR_SHARE/caught-up,ALL,300,348,169,252,0,600,0,0,0,169,0
1,LOG_ORDER/caught-up,BEFORE_LEASE,87,174,0,0,0,,,,,,
1,LOG_ORDER/caught-up,OVERLAP_LEASE,8,16,0,0,0,,,,,,
1,LOG_ORDER/caught-up,AFTER_LEASE_BEFORE_INIT,79,158,0,0,0,,,,,,
1,LOG_ORDER/caught-up,FENCED,126,0,0,252,0,,,,,,
1,LOG_ORDER/caught-up,ALL,300,348,0,252,0,600,0,0,0,0,0
1,PLAIN/caught-up,BEFORE_LEASE,87,174,0,0,0,,,,,,
1,PLAIN/caught-up,OVERLAP_LEASE,8,16,0,0,0,,,,,,
1,PLAIN/caught-up,AFTER_LEASE_BEFORE_INIT,79,158,0,0,0,,,,,,
1,PLAIN/caught-up,FENCED,126,0,0,252,0,,,,,,
1,PLAIN/caught-up,ALL,300,348,0,252,0,600,0,0,0,0,0
1,LEASE_EQ/lagging,BEFORE_LEASE,87,174,174,0,0,,,,,,
1,LEASE_EQ/lagging,OVERLAP_LEASE,8,16,16,0,0,,,,,,
1,LEASE_EQ/lagging,AFTER_LEASE_BEFORE_INIT,79,158,158,0,0,,,,,,
1,LEASE_EQ/lagging,FENCED,126,0,0,252,0,,,,,,
1,LEASE_EQ/lagging,ALL,300,348,348,252,0,600,0,0,0,346,0
1,LEASE_EQ_FOR_SHARE/lagging,BEFORE_LEASE,87,174,174,0,0,,,,,,
1,LEASE_EQ_FOR_SHARE/lagging,OVERLAP_LEASE,8,16,16,0,0,,,,,,
1,LEASE_EQ_FOR_SHARE/lagging,AFTER_LEASE_BEFORE_INIT,79,158,158,0,0,,,,,,
1,LEASE_EQ_FOR_SHARE/lagging,FENCED,126,0,0,252,0,,,,,,
1,LEASE_EQ_FOR_SHARE/lagging,ALL,300,348,348,252,0,600,0,0,0,346,0
1,LOG_ORDER/lagging,BEFORE_LEASE,87,174,0,0,0,,,,,,
1,LOG_ORDER/lagging,OVERLAP_LEASE,8,16,0,0,0,,,,,,
1,LOG_ORDER/lagging,AFTER_LEASE_BEFORE_INIT,79,158,0,0,0,,,,,,
1,LOG_ORDER/lagging,FENCED,126,0,0,252,0,,,,,,
1,LOG_ORDER/lagging,ALL,300,348,0,252,0,600,0,0,0,0,0
1,PLAIN/lagging,BEFORE_LEASE,87,174,0,0,0,,,,,,
1,PLAIN/lagging,OVERLAP_LEASE,8,16,0,0,0,,,,,,
1,PLAIN/lagging,AFTER_LEASE_BEFORE_INIT,79,158,0,0,0,,,,,,
1,PLAIN/lagging,FENCED,126,0,0,252,0,,,,,,
1,PLAIN/lagging,ALL,300,348,0,252,0,600,0,0,0,0,0
2,LEASE_EQ/caught-up,BEFORE_LEASE,65,130,0,0,0,,,,,,
2,LEASE_EQ/caught-up,OVERLAP_LEASE,6,12,10,0,0,,,,,,
2,LEASE_EQ/caught-up,AFTER_LEASE_BEFORE_INIT,93,186,186,0,0,,,,,,
2,LEASE_EQ/caught-up,FENCED,136,0,0,272,0,,,,,,
2,LEASE_EQ/caught-up,ALL,300,328,196,272,0,600,0,0,0,196,0
2,LEASE_EQ_FOR_SHARE/caught-up,BEFORE_LEASE,65,130,0,0,0,,,,,,
2,LEASE_EQ_FOR_SHARE/caught-up,OVERLAP_LEASE,6,12,10,0,0,,,,,,
2,LEASE_EQ_FOR_SHARE/caught-up,AFTER_LEASE_BEFORE_INIT,93,186,186,0,0,,,,,,
2,LEASE_EQ_FOR_SHARE/caught-up,FENCED,136,0,0,272,0,,,,,,
2,LEASE_EQ_FOR_SHARE/caught-up,ALL,300,328,196,272,0,600,0,0,0,196,0
2,LOG_ORDER/caught-up,BEFORE_LEASE,65,130,0,0,0,,,,,,
2,LOG_ORDER/caught-up,OVERLAP_LEASE,6,12,0,0,0,,,,,,
2,LOG_ORDER/caught-up,AFTER_LEASE_BEFORE_INIT,93,186,0,0,0,,,,,,
2,LOG_ORDER/caught-up,FENCED,136,0,0,272,0,,,,,,
2,LOG_ORDER/caught-up,ALL,300,328,0,272,0,600,0,0,0,0,0
2,PLAIN/caught-up,BEFORE_LEASE,65,130,0,0,0,,,,,,
2,PLAIN/caught-up,OVERLAP_LEASE,6,12,0,0,0,,,,,,
2,PLAIN/caught-up,AFTER_LEASE_BEFORE_INIT,93,186,0,0,0,,,,,,
2,PLAIN/caught-up,FENCED,136,0,0,272,0,,,,,,
2,PLAIN/caught-up,ALL,300,328,0,272,0,600,0,0,0,0,0
2,LEASE_EQ/lagging,BEFORE_LEASE,65,130,130,0,0,,,,,,
2,LEASE_EQ/lagging,OVERLAP_LEASE,6,12,12,0,0,,,,,,
2,LEASE_EQ/lagging,AFTER_LEASE_BEFORE_INIT,93,186,186,0,0,,,,,,
2,LEASE_EQ/lagging,FENCED,136,0,0,272,0,,,,,,
2,LEASE_EQ/lagging,ALL,300,328,328,272,0,600,0,0,0,326,0
2,LEASE_EQ_FOR_SHARE/lagging,BEFORE_LEASE,65,130,130,0,0,,,,,,
2,LEASE_EQ_FOR_SHARE/lagging,OVERLAP_LEASE,6,12,12,0,0,,,,,,
2,LEASE_EQ_FOR_SHARE/lagging,AFTER_LEASE_BEFORE_INIT,93,186,186,0,0,,,,,,
2,LEASE_EQ_FOR_SHARE/lagging,FENCED,136,0,0,272,0,,,,,,
2,LEASE_EQ_FOR_SHARE/lagging,ALL,300,328,328,272,0,600,0,0,0,326,0
2,LOG_ORDER/lagging,BEFORE_LEASE,65,130,0,0,0,,,,,,
2,LOG_ORDER/lagging,OVERLAP_LEASE,6,12,0,0,0,,,,,,
2,LOG_ORDER/lagging,AFTER_LEASE_BEFORE_INIT,93,186,0,0,0,,,,,,
2,LOG_ORDER/lagging,FENCED,136,0,0,272,0,,,,,,
2,LOG_ORDER/lagging,ALL,300,328,0,272,0,600,0,0,0,0,0
2,PLAIN/lagging,BEFORE_LEASE,65,130,0,0,0,,,,,,
2,PLAIN/lagging,OVERLAP_LEASE,6,12,0,0,0,,,,,,
2,PLAIN/lagging,AFTER_LEASE_BEFORE_INIT,93,186,0,0,0,,,,,,
2,PLAIN/lagging,FENCED,136,0,0,272,0,,,,,,
2,PLAIN/lagging,ALL,300,328,0,272,0,600,0,0,0,0,0
