run,worker,group,takeovers,a_acked,a_acked_not_stored,a_failed,a_failed_but_stored,b_acked,b_acked_not_stored,slot_taken,duplicate,gaps,log_duplicate_seqs,initial_not_stored
1,LEASE_EQ/caught-up,BEFORE_LEASE,86,172,0,0,0,,,,,,,
1,LEASE_EQ/caught-up,OVERLAP_LEASE,7,14,12,0,0,,,,,,,
1,LEASE_EQ/caught-up,AFTER_LEASE_BEFORE_INIT,81,162,162,0,0,,,,,,,
1,LEASE_EQ/caught-up,FENCED,126,0,0,252,0,,,,,,,
1,LEASE_EQ/caught-up,ALL,300,348,174,252,0,600,0,0,0,174,0,0
1,LEASE_EQ_FOR_SHARE/caught-up,BEFORE_LEASE,86,172,1,0,0,,,,,,,
1,LEASE_EQ_FOR_SHARE/caught-up,OVERLAP_LEASE,7,14,13,0,0,,,,,,,
1,LEASE_EQ_FOR_SHARE/caught-up,AFTER_LEASE_BEFORE_INIT,81,162,162,0,0,,,,,,,
1,LEASE_EQ_FOR_SHARE/caught-up,FENCED,126,0,0,252,0,,,,,,,
1,LEASE_EQ_FOR_SHARE/caught-up,ALL,300,348,176,252,0,600,0,0,0,176,0,0
1,LOG_ORDER/caught-up,BEFORE_LEASE,86,172,0,0,0,,,,,,,
1,LOG_ORDER/caught-up,OVERLAP_LEASE,7,14,0,0,0,,,,,,,
1,LOG_ORDER/caught-up,AFTER_LEASE_BEFORE_INIT,81,162,0,0,0,,,,,,,
1,LOG_ORDER/caught-up,FENCED,126,0,0,252,0,,,,,,,
1,LOG_ORDER/caught-up,ALL,300,348,0,252,0,600,0,0,0,0,0,0
1,PLAIN/caught-up,BEFORE_LEASE,86,172,0,0,0,,,,,,,
1,PLAIN/caught-up,OVERLAP_LEASE,7,14,0,0,0,,,,,,,
1,PLAIN/caught-up,AFTER_LEASE_BEFORE_INIT,81,162,0,0,0,,,,,,,
1,PLAIN/caught-up,FENCED,126,0,0,252,0,,,,,,,
1,PLAIN/caught-up,ALL,300,348,0,252,0,600,0,0,0,0,0,0
1,LEASE_EQ/lagging,BEFORE_LEASE,86,172,172,0,0,,,,,,,
1,LEASE_EQ/lagging,OVERLAP_LEASE,7,14,14,0,0,,,,,,,
1,LEASE_EQ/lagging,AFTER_LEASE_BEFORE_INIT,81,162,162,0,0,,,,,,,
1,LEASE_EQ/lagging,FENCED,126,0,0,252,0,,,,,,,
1,LEASE_EQ/lagging,ALL,300,348,348,252,0,600,0,0,0,348,0,0
1,LEASE_EQ_FOR_SHARE/lagging,BEFORE_LEASE,86,172,172,0,0,,,,,,,
1,LEASE_EQ_FOR_SHARE/lagging,OVERLAP_LEASE,7,14,14,0,0,,,,,,,
1,LEASE_EQ_FOR_SHARE/lagging,AFTER_LEASE_BEFORE_INIT,81,162,162,0,0,,,,,,,
1,LEASE_EQ_FOR_SHARE/lagging,FENCED,126,0,0,252,0,,,,,,,
1,LEASE_EQ_FOR_SHARE/lagging,ALL,300,348,348,252,0,600,0,0,0,348,0,0
1,LOG_ORDER/lagging,BEFORE_LEASE,86,172,0,0,0,,,,,,,
1,LOG_ORDER/lagging,OVERLAP_LEASE,7,14,0,0,0,,,,,,,
1,LOG_ORDER/lagging,AFTER_LEASE_BEFORE_INIT,81,162,0,0,0,,,,,,,
1,LOG_ORDER/lagging,FENCED,126,0,0,252,0,,,,,,,
1,LOG_ORDER/lagging,ALL,300,348,0,252,0,600,0,0,0,0,0,0
1,PLAIN/lagging,BEFORE_LEASE,86,172,0,0,0,,,,,,,
1,PLAIN/lagging,OVERLAP_LEASE,7,14,0,0,0,,,,,,,
1,PLAIN/lagging,AFTER_LEASE_BEFORE_INIT,81,162,0,0,0,,,,,,,
1,PLAIN/lagging,FENCED,126,0,0,252,0,,,,,,,
1,PLAIN/lagging,ALL,300,348,0,252,0,600,0,0,0,0,0,0
2,LEASE_EQ/caught-up,BEFORE_LEASE,65,130,2,0,0,,,,,,,
2,LEASE_EQ/caught-up,OVERLAP_LEASE,7,14,9,0,0,,,,,,,
2,LEASE_EQ/caught-up,AFTER_LEASE_BEFORE_INIT,87,174,174,0,0,,,,,,,
2,LEASE_EQ/caught-up,FENCED,141,0,0,282,0,,,,,,,
2,LEASE_EQ/caught-up,ALL,300,318,185,282,0,600,0,0,0,185,0,0
2,LEASE_EQ_FOR_SHARE/caught-up,BEFORE_LEASE,65,130,2,0,0,,,,,,,
2,LEASE_EQ_FOR_SHARE/caught-up,OVERLAP_LEASE,7,14,9,0,0,,,,,,,
2,LEASE_EQ_FOR_SHARE/caught-up,AFTER_LEASE_BEFORE_INIT,87,174,174,0,0,,,,,,,
2,LEASE_EQ_FOR_SHARE/caught-up,FENCED,141,0,0,282,0,,,,,,,
2,LEASE_EQ_FOR_SHARE/caught-up,ALL,300,318,185,282,0,600,0,0,0,185,0,0
2,LOG_ORDER/caught-up,BEFORE_LEASE,65,130,0,0,0,,,,,,,
2,LOG_ORDER/caught-up,OVERLAP_LEASE,7,14,0,0,0,,,,,,,
2,LOG_ORDER/caught-up,AFTER_LEASE_BEFORE_INIT,87,174,0,0,0,,,,,,,
2,LOG_ORDER/caught-up,FENCED,141,0,0,282,0,,,,,,,
2,LOG_ORDER/caught-up,ALL,300,318,0,282,0,600,0,0,0,0,0,0
2,PLAIN/caught-up,BEFORE_LEASE,65,130,0,0,0,,,,,,,
2,PLAIN/caught-up,OVERLAP_LEASE,7,14,0,0,0,,,,,,,
2,PLAIN/caught-up,AFTER_LEASE_BEFORE_INIT,87,174,0,0,0,,,,,,,
2,PLAIN/caught-up,FENCED,141,0,0,282,0,,,,,,,
2,PLAIN/caught-up,ALL,300,318,0,282,0,600,0,0,0,0,0,0
2,LEASE_EQ/lagging,BEFORE_LEASE,65,130,130,0,0,,,,,,,
2,LEASE_EQ/lagging,OVERLAP_LEASE,7,14,14,0,0,,,,,,,
2,LEASE_EQ/lagging,AFTER_LEASE_BEFORE_INIT,87,174,174,0,0,,,,,,,
2,LEASE_EQ/lagging,FENCED,141,0,0,282,0,,,,,,,
2,LEASE_EQ/lagging,ALL,300,318,318,282,0,600,0,0,0,318,0,0
2,LEASE_EQ_FOR_SHARE/lagging,BEFORE_LEASE,65,130,130,0,0,,,,,,,
2,LEASE_EQ_FOR_SHARE/lagging,OVERLAP_LEASE,7,14,14,0,0,,,,,,,
2,LEASE_EQ_FOR_SHARE/lagging,AFTER_LEASE_BEFORE_INIT,87,174,174,0,0,,,,,,,
2,LEASE_EQ_FOR_SHARE/lagging,FENCED,141,0,0,282,0,,,,,,,
2,LEASE_EQ_FOR_SHARE/lagging,ALL,300,318,318,282,0,600,0,0,0,318,0,0
2,LOG_ORDER/lagging,BEFORE_LEASE,65,130,0,0,0,,,,,,,
2,LOG_ORDER/lagging,OVERLAP_LEASE,7,14,0,0,0,,,,,,,
2,LOG_ORDER/lagging,AFTER_LEASE_BEFORE_INIT,87,174,0,0,0,,,,,,,
2,LOG_ORDER/lagging,FENCED,141,0,0,282,0,,,,,,,
2,LOG_ORDER/lagging,ALL,300,318,0,282,0,600,0,0,0,0,0,0
2,PLAIN/lagging,BEFORE_LEASE,65,130,0,0,0,,,,,,,
2,PLAIN/lagging,OVERLAP_LEASE,7,14,0,0,0,,,,,,,
2,PLAIN/lagging,AFTER_LEASE_BEFORE_INIT,87,174,0,0,0,,,,,,,
2,PLAIN/lagging,FENCED,141,0,0,282,0,,,,,,,
2,PLAIN/lagging,ALL,300,318,0,282,0,600,0,0,0,0,0,0
