trial,policy,e_ms,da_ms,b_acquire_ms,b_init_start_ms,b_init_end_ms,a2_init_start_ms,a2_init_end_ms,init_order,a_wake_commit_error,a_owned_at_check,a_restarts,a_stop,a_acked,a_failed,a_acked_after_b_acquire,b_restarts,b_stop,b_acked,b_failed,b_owner_at_end,b_stopped_while_owner,dup_seqs,gaps,acked_lost,failed_stored,log_order_rejected_acked,writers_in_log,a_events,b_events
0,no_check_after_init+fenced_stops,165,326,182,188,478,336,620,overlap,InvalidTxnStateException,true,0,done,4,0,4,0,stopped_on_fence,0,1,true,true,0,0,0,0,4,A>MARKER(e6)>A2,A2:init@336>A2:ok101>A2:ok102>A2:ok103>A2:ok104,B:init@188>B:marker@480>B:IPE@1164>B:abort_PFE
1,check_after_init+fenced_stops,267,19,266,268,411,23,146,a2_first,InvalidTxnStateException,true,0,stopped_on_fence,0,1,0,0,done,4,0,true,false,0,0,0,0,0,A>MARKER(e6)>B,A2:init@23>A2:IPE@438>A2:abort_PFE,B:init@268>B:marker@414>B:ok101>B:ok102>B:ok103>B:ok104
2,no_check_after_init+fenced_checks_lease,45,326,52,54,228,330,446,b_first,InvalidTxnStateException,true,0,not_owner,0,1,0,1,done,3,1,true,false,0,0,0,0,0,A>MARKER(e6)>B2,A2:init@330>A2:IPE@973>A2:abort_PFE>A2:not_owner,B:init@54>B:marker@228>B:IPE@770>B:abort_PFE>B2:init@779>B2:ok101>B2:ok102>B2:ok103
3,check_after_init+fenced_checks_lease,19,230,28,30,148,236,352,b_first,InvalidTxnStateException,true,0,not_owner_after_init,0,0,0,1,done,3,1,true,false,0,0,0,0,0,A>MARKER(e6)>B2,A2:init@236>A2:not_owner_after_init,B:init@30>B:marker@149>B:IPE@662>B:abort_PFE>B2:init@673>B2:ok101>B2:ok102>B2:ok103
4,no_check_after_init+fenced_stops,181,279,200,207,333,285,400,overlap,InvalidTxnStateException,true,0,done,4,0,4,0,stopped_on_fence,0,1,true,true,0,0,0,0,4,A>MARKER(e6)>A2,A2:init@285>A2:ok101>A2:ok102>A2:ok103>A2:ok104,B:init@207>B:marker@333>B:IPE@856>B:abort_PFE
5,check_after_init+fenced_stops,179,79,248,250,592,84,249,a2_first,InvalidTxnStateException,true,0,not_owner_after_init,0,0,0,0,done,4,0,true,false,0,0,0,0,0,A>MARKER(e6)>B,A2:init@84>A2:not_owner_after_init,B:init@250>B:marker@605>B:ok101>B:ok102>B:ok103>B:ok104
6,no_check_after_init+fenced_checks_lease,298,294,293,296,421,297,424,overlap,InvalidTxnStateException,true,0,not_owner,0,1,0,1,done,3,0,true,false,0,0,0,0,0,A>MARKER(e6)>B2,A2:init@297>A2:IPE@665>A2:abort_PFE>A2:not_owner,B:init@296>B:IPE@421>B:abort_PFE>B2:init@438>B2:marker@605>B2:ok101>B2:ok102>B2:ok103
7,check_after_init+fenced_checks_lease,134,210,135,136,250,211,322,overlap,InvalidTxnStateException,true,0,not_owner_after_init,0,0,0,1,done,3,1,true,false,0,0,0,0,0,A>MARKER(e6)>B2,A2:init@211>A2:not_owner_after_init,B:init@136>B:marker@252>B:IPE@799>B:abort_PFE>B2:init@805>B2:ok101>B2:ok102>B2:ok103
8,no_check_after_init+fenced_stops,229,244,226,227,341,249,360,overlap,InvalidTxnStateException,true,0,done,4,0,4,0,stopped_on_fence,0,1,true,true,0,0,0,0,4,A>MARKER(e6)>A2,A2:init@249>A2:ok101>A2:ok102>A2:ok103>A2:ok104,B:init@227>B:marker@341>B:IPE@878>B:abort_PFE
9,check_after_init+fenced_stops,243,283,241,242,352,288,405,overlap,InvalidTxnStateException,true,0,not_owner_after_init,0,0,0,0,stopped_on_fence,0,1,true,true,0,0,0,0,0,A>MARKER(e6),A2:init@288>A2:not_owner_after_init,B:init@242>B:marker@353>B:IPE@909>B:abort_PFE
10,no_check_after_init+fenced_checks_lease,45,183,263,264,631,191,414,overlap,InvalidTxnStateException,true,0,not_owner,0,1,0,0,done,4,0,true,false,0,0,0,0,0,A>MARKER(e6)>B,A2:init@191>A2:IPE@729>A2:abort_PFE>A2:not_owner,B:init@264>B:marker@631>B:ok101>B:ok102>B:ok103>B:ok104
11,check_after_init+fenced_checks_lease,164,253,169,170,289,256,380,overlap,InvalidTxnStateException,true,0,not_owner_after_init,0,0,0,1,done,3,1,true,false,0,0,0,0,0,A>MARKER(e6)>B2,A2:init@256>A2:not_owner_after_init,B:init@170>B:marker@293>B:IPE@826>B:abort_PFE>B2:init@841>B2:ok101>B2:ok102>B2:ok103
12,no_check_after_init+fenced_stops,55,327,61,62,175,328,440,b_first,InvalidTxnStateException,true,0,done,4,0,4,0,stopped_on_fence,0,1,true,true,0,0,0,0,4,A>MARKER(e6)>A2,A2:init@328>A2:ok101>A2:ok102>A2:ok103>A2:ok104,B:init@62>B:marker@175>B:IPE@756>B:abort_PFE
13,check_after_init+fenced_stops,271,45,274,275,389,52,192,a2_first,InvalidTxnStateException,true,0,stopped_on_fence,0,1,0,0,done,4,0,true,false,0,0,0,0,0,A>MARKER(e6)>B,A2:init@52>A2:IPE@405>A2:abort_PFE,B:init@275>B:marker@390>B:ok101>B:ok102>B:ok103>B:ok104
14,no_check_after_init+fenced_checks_lease,239,62,239,240,355,63,179,a2_first,InvalidTxnStateException,true,0,not_owner,0,1,0,0,done,4,0,true,false,0,0,0,0,0,A>MARKER(e6)>B,A2:init@63>A2:IPE@372>A2:abort_PFE>A2:not_owner,B:init@240>B:marker@355>B:ok101>B:ok102>B:ok103>B:ok104
15,check_after_init+fenced_checks_lease,164,318,299,301,456,324,632,overlap,InvalidTxnStateException,true,0,not_owner_after_init,0,0,0,1,done,3,0,true,false,0,0,0,0,0,A>MARKER(e6)>B2,A2:init@324>A2:not_owner_after_init,B:init@301>B:IPE@625>B:abort_PFE>B2:init@914>B2:marker@1036>B2:ok101>B2:ok102>B2:ok103
16,no_check_after_init+fenced_stops,219,341,217,218,337,346,465,b_first,InvalidTxnStateException,true,0,done,4,0,4,0,stopped_on_fence,0,1,true,true,0,0,0,0,4,A>MARKER(e6)>A2,A2:init@346>A2:ok101>A2:ok102>A2:ok103>A2:ok104,B:init@218>B:marker@337>B:IPE@872>B:abort_PFE
17,check_after_init+fenced_stops,256,37,338,347,746,40,160,a2_first,InvalidTxnStateException,true,0,stopped_on_fence,0,1,0,0,done,4,0,true,false,0,0,0,0,0,A>MARKER(e6)>B,A2:init@40>A2:IPE@747>A2:abort_PFE,B:init@347>B:marker@761>B:ok101>B:ok102>B:ok103>B:ok104
18,no_check_after_init+fenced_checks_lease,70,340,76,77,187,342,459,b_first,InvalidTxnStateException,true,0,not_owner,0,1,0,1,done,3,1,true,false,0,0,0,0,0,A>MARKER(e6)>B2,A2:init@342>A2:IPE@1002>A2:abort_PFE>A2:not_owner,B:init@77>B:marker@187>B:IPE@764>B:abort_PFE>B2:init@774>B2:ok101>B2:ok102>B2:ok103
19,check_after_init+fenced_checks_lease,30,327,51,53,209,329,456,b_first,InvalidTxnStateException,true,0,not_owner_after_init,0,0,0,1,done,3,1,true,false,0,0,0,0,0,A>MARKER(e6)>B2,A2:init@329>A2:not_owner_after_init,B:init@53>B:marker@211>B:IPE@785>B:abort_PFE>B2:init@814>B2:ok101>B2:ok102>B2:ok103
20,no_check_after_init+fenced_stops,202,357,201,202,318,358,476,b_first,InvalidTxnStateException,true,0,done,4,0,4,0,stopped_on_fence,0,1,true,true,0,0,0,0,4,A>MARKER(e6)>A2,A2:init@358>A2:ok101>A2:ok102>A2:ok103>A2:ok104,B:init@202>B:marker@318>B:IPE@854>B:abort_PFE
21,check_after_init+fenced_stops,110,200,117,118,279,213,468,overlap,InvalidTxnStateException,true,0,not_owner_after_init,0,0,0,0,stopped_on_fence,0,1,true,true,0,0,0,0,0,A>MARKER(e6),A2:init@213>A2:not_owner_after_init,B:init@118>B:marker@351>B:IPE@890>B:abort_PFE
22,no_check_after_init+fenced_checks_lease,186,68,450,451,1089,82,927,overlap,InvalidTxnStateException,true,0,not_owner,0,1,0,0,done,4,0,true,false,0,0,0,0,0,A>MARKER(e6)>B,A2:init@82>A2:IPE@1170>A2:abort_PFE>A2:not_owner,B:init@451>B:marker@1089>B:ok101>B:ok102>B:ok103>B:ok104
23,check_after_init+fenced_checks_lease,170,70,168,169,282,71,182,overlap,InvalidTxnStateException,true,0,not_owner_after_init,0,0,0,0,done,4,0,true,false,0,0,0,0,0,A>MARKER(e6)>B,A2:init@71>A2:not_owner_after_init,B:init@169>B:marker@298>B:ok101>B:ok102>B:ok103>B:ok104
24,no_check_after_init+fenced_stops,59,209,86,88,247,212,334,overlap,InvalidTxnStateException,true,0,done,4,0,4,0,stopped_on_fence,0,1,true,true,0,0,0,0,4,A>MARKER(e6)>A2,A2:init@212>A2:ok101>A2:ok102>A2:ok103>A2:ok104,B:init@88>B:marker@247>B:IPE@841>B:abort_PFE
25,check_after_init+fenced_stops,87,146,105,106,229,147,273,overlap,InvalidTxnStateException,true,0,not_owner_after_init,0,0,0,0,stopped_on_fence,0,1,true,true,0,0,0,0,0,A>MARKER(e6),A2:init@147>A2:not_owner_after_init,B:init@106>B:marker@231>B:IPE@765>B:abort_PFE
26,no_check_after_init+fenced_checks_lease,247,300,250,252,373,301,410,overlap,InvalidTxnStateException,true,0,done,4,0,4,1,done,3,1,true,false,0,0,0,0,4,A>MARKER(e6)>A2>B2,A2:init@301>A2:ok101>A2:ok102>A2:ok103>A2:ok104,B:init@252>B:marker@373>B:IPE@918>B:abort_PFE>B2:init@939>B2:ok105>B2:ok106>B2:ok107
27,check_after_init+fenced_checks_lease,274,134,276,277,396,135,256,a2_first,InvalidTxnStateException,true,0,not_owner,0,1,0,0,done,4,0,true,false,0,0,0,0,0,A>MARKER(e6)>B,A2:init@135>A2:IPE@412>A2:abort_PFE>A2:not_owner,B:init@277>B:marker@397>B:ok101>B:ok102>B:ok103>B:ok104
28,no_check_after_init+fenced_stops,292,193,289,290,409,195,305,overlap,InvalidTxnStateException,true,0,stopped_on_fence,0,1,0,0,done,4,0,true,false,0,0,0,0,0,A>MARKER(e6)>B,A2:init@195>A2:IPE@423>A2:abort_PFE,B:init@290>B:marker@409>B:ok101>B:ok102>B:ok103>B:ok104
29,check_after_init+fenced_stops,178,56,183,184,300,58,176,a2_first,InvalidTxnStateException,true,0,not_owner_after_init,0,0,0,0,done,4,0,true,false,0,0,0,0,0,A>MARKER(e6)>B,A2:init@58>A2:not_owner_after_init,B:init@184>B:marker@301>B:ok101>B:ok102>B:ok103>B:ok104
30,no_check_after_init+fenced_checks_lease,246,29,252,253,371,32,147,a2_first,InvalidTxnStateException,true,0,not_owner,0,1,0,0,done,4,0,true,false,0,0,0,0,0,A>MARKER(e6)>B,A2:init@32>A2:IPE@389>A2:abort_PFE>A2:not_owner,B:init@253>B:marker@371>B:ok101>B:ok102>B:ok103>B:ok104
31,check_after_init+fenced_checks_lease,213,8,213,214,329,10,130,a2_first,InvalidTxnStateException,true,0,not_owner,0,1,0,0,done,4,0,true,false,0,0,0,0,0,A>MARKER(e6)>B,A2:init@10>A2:IPE@360>A2:abort_PFE>A2:not_owner,B:init@214>B:marker@330>B:ok101>B:ok102>B:ok103>B:ok104
32,no_check_after_init+fenced_stops,85,143,89,90,207,145,268,overlap,InvalidTxnStateException,true,0,done,4,0,4,0,stopped_on_fence,0,1,true,true,0,0,0,0,4,A>MARKER(e6)>A2,A2:init@145>A2:ok101>A2:ok102>A2:ok103>A2:ok104,B:init@90>B:marker@207>B:IPE@761>B:abort_PFE
33,check_after_init+fenced_stops,165,240,165,166,276,246,361,overlap,InvalidTxnStateException,true,0,not_owner_after_init,0,0,0,0,stopped_on_fence,0,1,true,true,0,0,0,0,0,A>MARKER(e6),A2:init@246>A2:not_owner_after_init,B:init@166>B:marker@277>B:IPE@805>B:abort_PFE
34,no_check_after_init+fenced_checks_lease,74,316,77,78,194,321,432,b_first,InvalidTxnStateException,true,0,not_owner,0,1,0,1,done,3,1,true,false,0,0,0,0,0,A>MARKER(e6)>B2,A2:init@321>A2:IPE@956>A2:abort_PFE>A2:not_owner,B:init@78>B:marker@194>B:IPE@730>B:abort_PFE>B2:init@758>B2:ok101>B2:ok102>B2:ok103
35,check_after_init+fenced_checks_lease,278,388,279,280,398,393,510,overlap,InvalidTxnStateException,true,0,not_owner_after_init,0,0,0,1,done,3,1,true,false,0,0,0,0,0,A>MARKER(e6)>B2,A2:init@393>A2:not_owner_after_init,B:init@280>B:marker@399>B:IPE@927>B:abort_PFE>B2:init@939>B2:ok101>B2:ok102>B2:ok103
36,no_check_after_init+fenced_stops,139,136,143,144,256,140,255,overlap,InvalidTxnStateException,true,0,stopped_on_fence,0,1,0,0,done,4,0,true,false,0,0,0,0,0,A>MARKER(e6)>B,A2:init@140>A2:IPE@269>A2:abort_PFE,B:init@144>B:marker@256>B:ok101>B:ok102>B:ok103>B:ok104
37,check_after_init+fenced_stops,264,81,268,269,387,88,203,a2_first,InvalidTxnStateException,true,0,stopped_on_fence,0,1,0,0,done,4,0,true,false,0,0,0,0,0,A>MARKER(e6)>B,A2:init@88>A2:IPE@406>A2:abort_PFE,B:init@269>B:marker@388>B:ok101>B:ok102>B:ok103>B:ok104
38,no_check_after_init+fenced_checks_lease,295,315,302,303,423,323,554,overlap,InvalidTxnStateException,true,0,not_owner,0,1,0,1,done,3,0,true,false,0,0,0,0,0,A>MARKER(e6)>B2,A2:init@323>A2:IPE@625>A2:abort_PFE>A2:not_owner,B:init@303>B:KafkaException@423>B2:init@481>B2:marker@606>B2:ok101>B2:ok102>B2:ok103
39,check_after_init+fenced_checks_lease,131,35,131,132,241,40,154,overlap,InvalidTxnStateException,true,0,not_owner_after_init,0,0,0,0,done,4,0,true,false,0,0,0,0,0,A>MARKER(e6)>B,A2:init@40>A2:not_owner_after_init,B:init@132>B:marker@242>B:ok101>B:ok102>B:ok103>B:ok104
40,no_check_after_init+fenced_stops,203,199,204,204,321,200,314,overlap,InvalidTxnStateException,true,0,stopped_on_fence,0,1,0,0,done,4,0,true,false,0,0,0,0,0,A>MARKER(e6)>B,A2:init@200>A2:IPE@340>A2:abort_PFE,B:init@204>B:marker@321>B:ok101>B:ok102>B:ok103>B:ok104
41,check_after_init+fenced_stops,285,317,290,292,406,323,434,overlap,InvalidTxnStateException,true,0,not_owner_after_init,0,0,0,0,stopped_on_fence,0,1,true,true,0,0,0,0,0,A>MARKER(e6),A2:init@323>A2:not_owner_after_init,B:init@292>B:marker@407>B:IPE@935>B:abort_PFE
42,no_check_after_init+fenced_checks_lease,276,224,278,279,393,229,339,overlap,InvalidTxnStateException,true,0,not_owner,0,1,0,0,done,4,0,true,false,0,0,0,0,0,A>MARKER(e6)>B,A2:init@229>A2:IPE@415>A2:abort_PFE>A2:not_owner,B:init@279>B:marker@393>B:ok101>B:ok102>B:ok103>B:ok104
43,check_after_init+fenced_checks_lease,146,19,146,147,264,26,143,a2_first,InvalidTxnStateException,true,0,not_owner,0,1,0,0,done,4,0,true,false,0,0,0,0,0,A>MARKER(e6)>B,A2:init@26>A2:IPE@280>A2:abort_PFE>A2:not_owner,B:init@147>B:marker@265>B:ok101>B:ok102>B:ok103>B:ok104
44,no_check_after_init+fenced_stops,71,76,77,80,201,81,199,overlap,InvalidTxnStateException,true,0,stopped_on_fence,0,1,0,0,done,4,0,true,false,0,0,0,0,0,A>MARKER(e6)>B,A2:init@81>A2:IPE@217>A2:abort_PFE,B:init@80>B:marker@201>B:ok101>B:ok102>B:ok103>B:ok104
45,check_after_init+fenced_stops,95,373,102,103,217,376,497,b_first,InvalidTxnStateException,true,0,not_owner_after_init,0,0,0,0,stopped_on_fence,0,1,true,true,0,0,0,0,0,A>MARKER(e6),A2:init@376>A2:not_owner_after_init,B:init@103>B:marker@222>B:IPE@755>B:abort_PFE
46,no_check_after_init+fenced_checks_lease,71,260,77,78,242,268,920,b_first,InvalidTxnStateException,true,0,not_owner,3,1,3,1,done,3,1,true,false,0,0,0,0,3,A>MARKER(e6)>A2>B2,A2:init@268>A2:ok101>A2:ok102>A2:ok103>A2:ITS@1763>A2:not_owner,B:init@78>B:marker@242>B:IPE@1337>B:abort_PFE>B2:init@1506>B2:ok104>B2:ok105>B2:ok106
47,check_after_init+fenced_checks_lease,147,286,153,155,296,289,410,overlap,InvalidTxnStateException,true,0,not_owner_after_init,0,0,0,1,done,3,1,true,false,0,0,0,0,0,A>MARKER(e6)>B2,A2:init@289>A2:not_owner_after_init,B:init@155>B:marker@298>B:IPE@842>B:abort_PFE>B2:init@859>B2:ok101>B2:ok102>B2:ok103
48,no_check_after_init+fenced_stops,10,216,16,17,131,217,377,b_first,InvalidTxnStateException,true,0,done,4,0,4,0,stopped_on_fence,0,1,true,true,0,0,0,0,4,A>MARKER(e6)>A2,A2:init@217>A2:ok101>A2:ok102>A2:ok103>A2:ok104,B:init@17>B:marker@131>B:IPE@711>B:abort_PFE
49,check_after_init+fenced_stops,71,131,74,75,189,132,252,overlap,InvalidTxnStateException,true,0,not_owner_after_init,0,0,0,0,stopped_on_fence,0,1,true,true,0,0,0,0,0,A>MARKER(e6),A2:init@132>A2:not_owner_after_init,B:init@75>B:marker@191>B:IPE@730>B:abort_PFE
50,no_check_after_init+fenced_checks_lease,269,81,275,276,387,82,201,a2_first,InvalidTxnStateException,true,0,not_owner,0,1,0,0,done,4,0,true,false,0,0,0,0,0,A>MARKER(e6)>B,A2:init@82>A2:IPE@427>A2:abort_PFE>A2:not_owner,B:init@276>B:marker@387>B:ok101>B:ok102>B:ok103>B:ok104
51,check_after_init+fenced_checks_lease,272,389,289,310,460,395,1051,overlap,InvalidTxnStateException,true,0,not_owner_after_init,0,0,0,1,done,3,1,true,false,0,0,0,0,0,A>MARKER(e6)>B2,A2:init@395>A2:not_owner_after_init,B:init@310>B:marker@465>B:IPE@1646>B:abort_PFE>B2:init@1841>B2:ok101>B2:ok102>B2:ok103
52,no_check_after_init+fenced_stops,237,62,244,245,357,72,209,a2_first,InvalidTxnStateException,true,0,stopped_on_fence,0,1,0,0,done,4,0,true,false,0,0,0,0,0,A>MARKER(e6)>B,A2:init@72>A2:IPE@385>A2:abort_PFE,B:init@245>B:marker@357>B:ok101>B:ok102>B:ok103>B:ok104
53,check_after_init+fenced_stops,265,7,271,272,385,13,140,a2_first,InvalidTxnStateException,true,0,stopped_on_fence,0,1,0,0,done,4,0,true,false,0,0,0,0,0,A>MARKER(e6)>B,A2:init@13>A2:IPE@416>A2:abort_PFE,B:init@272>B:marker@387>B:ok101>B:ok102>B:ok103>B:ok104
54,no_check_after_init+fenced_checks_lease,45,372,52,54,177,373,514,b_first,InvalidTxnStateException,true,0,not_owner,0,1,0,1,done,3,1,true,false,0,0,0,0,0,A>MARKER(e6)>B2,A2:init@373>A2:IPE@1043>A2:abort_PFE>A2:not_owner,B:init@54>B:marker@177>B:IPE@705>B:abort_PFE>B2:init@716>B2:ok101>B2:ok102>B2:ok103
55,check_after_init+fenced_checks_lease,30,328,31,32,148,329,446,b_first,InvalidTxnStateException,true,0,not_owner_after_init,0,0,0,1,done,3,1,true,false,0,0,0,0,0,A>MARKER(e6)>B2,A2:init@329>A2:not_owner_after_init,B:init@32>B:marker@154>B:IPE@688>B:abort_PFE>B2:init@698>B2:ok101>B2:ok102>B2:ok103
56,no_check_after_init+fenced_stops,35,179,38,40,158,182,299,b_first,InvalidTxnStateException,true,0,done,4,0,4,0,stopped_on_fence,0,1,true,true,0,0,0,0,4,A>MARKER(e6)>A2,A2:init@182>A2:ok101>A2:ok102>A2:ok103>A2:ok104,B:init@40>B:marker@158>B:IPE@704>B:abort_PFE
57,check_after_init+fenced_stops,122,156,151,155,382,170,380,overlap,InvalidTxnStateException,true,0,not_owner_after_init,0,0,0,0,done,4,0,true,false,0,0,0,0,0,A>MARKER(e6)>B,A2:init@170>A2:not_owner_after_init,B:init@155>B:marker@385>B:ok101>B:ok102>B:ok103>B:ok104
58,no_check_after_init+fenced_checks_lease,76,397,90,99,329,403,562,b_first,InvalidTxnStateException,true,0,not_owner,0,1,0,1,done,3,1,true,false,0,0,0,0,0,A>MARKER(e6)>B2,A2:init@403>A2:IPE@1388>A2:abort_PFE>A2:not_owner,B:init@99>B:marker@329>B:IPE@937>B:abort_PFE>B2:init@957>B2:ok101>B2:ok102>B2:ok103
59,check_after_init+fenced_checks_lease,124,324,128,129,245,330,446,b_first,InvalidTxnStateException,true,0,not_owner_after_init,0,0,0,1,done,3,1,true,false,0,0,0,0,0,A>MARKER(e6)>B2,A2:init@330>A2:not_owner_after_init,B:init@129>B:marker@249>B:IPE@803>B:abort_PFE>B2:init@848>B2:ok101>B2:ok102>B2:ok103
60,no_check_after_init+fenced_stops,215,115,353,358,546,122,933,overlap,InvalidTxnStateException,true,0,stopped_on_fence,0,1,0,1,done,3,0,true,false,0,0,0,0,0,A>MARKER(e6)>B2,A2:init@122>A2:IPE@1063>A2:abort_PFE,B:init@358>B:ITS@546>B2:init@901>B2:marker@1035>B2:ok101>B2:ok102>B2:ok103
61,check_after_init+fenced_stops,31,61,31,32,144,63,178,overlap,InvalidTxnStateException,true,0,not_owner_after_init,0,0,0,0,stopped_on_fence,0,1,true,true,0,0,0,0,0,A>MARKER(e6),A2:init@63>A2:not_owner_after_init,B:init@32>B:marker@146>B:IPE@669>B:abort_PFE
62,no_check_after_init+fenced_checks_lease,219,245,217,218,326,246,363,overlap,InvalidTxnStateException,true,0,done,4,0,4,1,done,3,1,true,false,0,0,0,0,4,A>MARKER(e6)>A2>B2,A2:init@246>A2:ok101>A2:ok102>A2:ok103>A2:ok104,B:init@218>B:marker@326>B:IPE@886>B:abort_PFE>B2:init@904>B2:ok105>B2:ok106>B2:ok107
63,check_after_init+fenced_checks_lease,253,86,257,258,368,93,213,a2_first,InvalidTxnStateException,true,0,not_owner,0,1,0,0,done,4,0,true,false,0,0,0,0,0,A>MARKER(e6)>B,A2:init@93>A2:IPE@394>A2:abort_PFE>A2:not_owner,B:init@258>B:marker@369>B:ok101>B:ok102>B:ok103>B:ok104
64,no_check_after_init+fenced_stops,39,336,46,47,159,341,451,b_first,InvalidTxnStateException,true,0,done,4,0,4,0,stopped_on_fence,0,1,true,true,0,0,0,0,4,A>MARKER(e6)>A2,A2:init@341>A2:ok101>A2:ok102>A2:ok103>A2:ok104,B:init@47>B:marker@159>B:IPE@684>B:abort_PFE
65,check_after_init+fenced_stops,89,324,93,94,206,329,441,b_first,InvalidTxnStateException,true,0,not_owner_after_init,0,0,0,0,stopped_on_fence,0,1,true,true,0,0,0,0,0,A>MARKER(e6),A2:init@329>A2:not_owner_after_init,B:init@94>B:marker@206>B:IPE@739>B:abort_PFE
66,no_check_after_init+fenced_checks_lease,247,174,250,251,369,177,291,overlap,InvalidTxnStateException,true,0,not_owner,0,1,0,0,done,4,0,true,false,0,0,0,0,0,A>MARKER(e6)>B,A2:init@177>A2:IPE@383>A2:abort_PFE>A2:not_owner,B:init@251>B:marker@369>B:ok101>B:ok102>B:ok103>B:ok104
67,check_after_init+fenced_checks_lease,16,184,18,20,151,187,303,b_first,InvalidTxnStateException,true,0,not_owner_after_init,0,0,0,1,done,3,1,true,false,0,0,0,0,0,A>MARKER(e6)>B2,A2:init@187>A2:not_owner_after_init,B:init@20>B:marker@158>B:IPE@702>B:abort_PFE>B2:init@709>B2:ok101>B2:ok102>B2:ok103
68,no_check_after_init+fenced_stops,257,305,261,264,381,311,438,overlap,InvalidTxnStateException,true,0,done,4,0,4,0,stopped_on_fence,0,1,true,true,0,0,0,0,4,A>MARKER(e6)>A2,A2:init@311>A2:ok101>A2:ok102>A2:ok103>A2:ok104,B:init@264>B:marker@381>B:IPE@912>B:abort_PFE
69,check_after_init+fenced_stops,216,122,217,218,343,124,243,overlap,InvalidTxnStateException,true,0,not_owner_after_init,0,0,0,0,done,4,0,true,false,0,0,0,0,0,A>MARKER(e6)>B,A2:init@124>A2:not_owner_after_init,B:init@218>B:marker@344>B:ok101>B:ok102>B:ok103>B:ok104
70,no_check_after_init+fenced_checks_lease,7,371,15,16,131,373,491,b_first,InvalidTxnStateException,true,0,not_owner,0,1,0,1,done,3,1,true,false,0,0,0,0,0,A>MARKER(e6)>B2,A2:init@373>A2:IPE@1023>A2:abort_PFE>A2:not_owner,B:init@16>B:marker@131>B:IPE@708>B:abort_PFE>B2:init@718>B2:ok101>B2:ok102>B2:ok103
71,check_after_init+fenced_checks_lease,198,297,230,231,468,304,599,overlap,InvalidTxnStateException,true,0,not_owner_after_init,0,0,0,1,done,3,1,true,false,0,0,0,0,0,A>MARKER(e6)>B2,A2:init@304>A2:not_owner_after_init,B:init@231>B:marker@510>B:IPE@1216>B:abort_PFE>B2:init@1228>B2:ok101>B2:ok102>B2:ok103
72,no_check_after_init+fenced_stops,245,76,245,246,363,77,238,a2_first,InvalidTxnStateException,true,0,stopped_on_fence,0,1,0,0,done,4,0,true,false,0,0,0,0,0,A>MARKER(e6)>B,A2:init@77>A2:IPE@378>A2:abort_PFE,B:init@246>B:marker@363>B:ok101>B:ok102>B:ok103>B:ok104
73,check_after_init+fenced_stops,145,341,151,153,267,344,459,b_first,InvalidTxnStateException,true,0,not_owner_after_init,0,0,0,0,stopped_on_fence,0,1,true,true,0,0,0,0,0,A>MARKER(e6),A2:init@344>A2:not_owner_after_init,B:init@153>B:marker@270>B:IPE@806>B:abort_PFE
74,no_check_after_init+fenced_checks_lease,235,146,239,241,371,152,269,overlap,InvalidTxnStateException,true,0,not_owner,0,1,0,0,done,4,0,true,false,0,0,0,0,0,A>MARKER(e6)>B,A2:init@152>A2:IPE@396>A2:abort_PFE>A2:not_owner,B:init@241>B:marker@371>B:ok101>B:ok102>B:ok103>B:ok104
75,check_after_init+fenced_checks_lease,286,349,286,287,404,351,471,overlap,InvalidTxnStateException,true,0,not_owner_after_init,0,0,0,1,done,3,1,true,false,0,0,0,0,0,A>MARKER(e6)>B2,A2:init@351>A2:not_owner_after_init,B:init@287>B:marker@405>B:IPE@934>B:abort_PFE>B2:init@954>B2:ok101>B2:ok102>B2:ok103
76,no_check_after_init+fenced_stops,124,63,259,261,480,66,453,overlap,InvalidTxnStateException,true,0,stopped_on_fence,0,1,0,0,done,4,0,true,false,0,0,0,0,0,A>MARKER(e6)>B,A2:init@66>A2:IPE@1182>A2:abort_PFE,B:init@261>B:marker@480>B:ok101>B:ok102>B:ok103>B:ok104
77,check_after_init+fenced_stops,277,59,281,282,402,63,174,a2_first,InvalidTxnStateException,true,0,stopped_on_fence,0,1,0,0,done,4,0,true,false,0,0,0,0,0,A>MARKER(e6)>B,A2:init@63>A2:IPE@435>A2:abort_PFE,B:init@282>B:marker@406>B:ok101>B:ok102>B:ok103>B:ok104
78,no_check_after_init+fenced_checks_lease,245,60,248,249,362,63,176,a2_first,InvalidTxnStateException,true,0,not_owner,0,1,0,0,done,4,0,true,false,0,0,0,0,0,A>MARKER(e6)>B,A2:init@63>A2:IPE@387>A2:abort_PFE>A2:not_owner,B:init@249>B:marker@362>B:ok101>B:ok102>B:ok103>B:ok104
79,check_after_init+fenced_checks_lease,161,289,222,224,346,292,464,overlap,InvalidTxnStateException,true,0,not_owner_after_init,0,0,0,1,done,3,1,true,false,0,0,0,0,0,A>MARKER(e6)>B2,A2:init@292>A2:not_owner_after_init,B:init@224>B:marker@350>B:IPE@900>B:abort_PFE>B2:init@907>B2:ok101>B2:ok102>B2:ok103
80,no_check_after_init+fenced_stops,219,142,224,225,343,145,258,overlap,InvalidTxnStateException,true,0,stopped_on_fence,0,1,0,0,done,4,0,true,false,0,0,0,0,0,A>MARKER(e6)>B,A2:init@145>A2:IPE@356>A2:abort_PFE,B:init@225>B:marker@343>B:ok101>B:ok102>B:ok103>B:ok104
81,check_after_init+fenced_stops,284,179,296,298,445,188,355,overlap,InvalidTxnStateException,true,0,not_owner_after_init,0,0,0,0,done,4,0,true,false,0,0,0,0,0,A>MARKER(e6)>B,A2:init@188>A2:not_owner_after_init,B:init@298>B:marker@446>B:ok101>B:ok102>B:ok103>B:ok104
82,no_check_after_init+fenced_checks_lease,176,222,191,193,397,227,419,overlap,InvalidTxnStateException,true,0,not_owner,0,1,0,1,done,3,0,true,false,0,0,0,0,0,A>MARKER(e6)>B2,A2:init@227>A2:IPE@623>A2:abort_PFE>A2:not_owner,B:init@193>B:IPE@397>B:abort_PFE>B2:init@457>B2:marker@588>B2:ok101>B2:ok102>B2:ok103
83,check_after_init+fenced_checks_lease,160,342,166,167,279,344,456,b_first,InvalidTxnStateException,true,0,not_owner_after_init,0,0,0,1,done,3,1,true,false,0,0,0,0,0,A>MARKER(e6)>B2,A2:init@344>A2:not_owner_after_init,B:init@167>B:marker@282>B:IPE@806>B:abort_PFE>B2:init@818>B2:ok101>B2:ok102>B2:ok103
84,no_check_after_init+fenced_stops,166,160,268,270,482,167,481,overlap,InvalidTxnStateException,true,0,done,4,0,4,0,stopped_on_fence,0,0,true,true,0,0,0,0,0,A>A2,A2:init@167>A2:ok101>A2:ok102>A2:ok103>A2:ok104,B:init@270>B:IPE@482>B:abort_PFE
85,check_after_init+fenced_stops,180,87,184,186,302,93,239,overlap,InvalidTxnStateException,true,0,not_owner_after_init,0,0,0,0,done,4,0,true,false,0,0,0,0,0,A>MARKER(e6)>B,A2:init@93>A2:not_owner_after_init,B:init@186>B:marker@303>B:ok101>B:ok102>B:ok103>B:ok104
86,no_check_after_init+fenced_checks_lease,273,50,277,279,393,54,162,a2_first,InvalidTxnStateException,true,0,not_owner,0,1,0,0,done,4,0,true,false,0,0,0,0,0,A>MARKER(e6)>B,A2:init@54>A2:IPE@406>A2:abort_PFE>A2:not_owner,B:init@279>B:marker@393>B:ok101>B:ok102>B:ok103>B:ok104
87,check_after_init+fenced_checks_lease,103,85,109,110,218,89,203,overlap,InvalidTxnStateException,true,0,not_owner_after_init,0,0,0,0,done,4,0,true,false,0,0,0,0,0,A>MARKER(e6)>B,A2:init@89>A2:not_owner_after_init,B:init@110>B:marker@219>B:ok101>B:ok102>B:ok103>B:ok104
88,no_check_after_init+fenced_stops,85,9,91,92,224,12,152,overlap,InvalidTxnStateException,true,0,stopped_on_fence,0,1,0,0,done,4,0,true,false,0,0,0,0,0,A>MARKER(e6)>B,A2:init@12>A2:IPE@246>A2:abort_PFE,B:init@92>B:marker@224>B:ok101>B:ok102>B:ok103>B:ok104
89,check_after_init+fenced_stops,11,145,28,29,165,149,278,overlap,InvalidTxnStateException,true,0,not_owner_after_init,0,0,0,0,stopped_on_fence,0,1,true,true,0,0,0,0,0,A>MARKER(e6),A2:init@149>A2:not_owner_after_init,B:init@29>B:marker@169>B:IPE@756>B:abort_PFE
90,no_check_after_init+fenced_checks_lease,220,123,222,222,332,128,243,overlap,InvalidTxnStateException,true,0,not_owner,0,1,0,0,done,4,0,true,false,0,0,0,0,0,A>MARKER(e6)>B,A2:init@128>A2:IPE@359>A2:abort_PFE>A2:not_owner,B:init@222>B:marker@332>B:ok101>B:ok102>B:ok103>B:ok104
91,check_after_init+fenced_checks_lease,32,368,37,38,153,371,485,b_first,InvalidTxnStateException,true,0,not_owner_after_init,0,0,0,1,done,3,1,true,false,0,0,0,0,0,A>MARKER(e6)>B2,A2:init@371>A2:not_owner_after_init,B:init@38>B:marker@154>B:IPE@675>B:abort_PFE>B2:init@685>B2:ok101>B2:ok102>B2:ok103
92,no_check_after_init+fenced_stops,292,329,299,300,415,331,442,overlap,InvalidTxnStateException,true,0,done,4,0,4,0,stopped_on_fence,0,1,true,true,0,0,0,0,4,A>MARKER(e6)>A2,A2:init@331>A2:ok101>A2:ok102>A2:ok103>A2:ok104,B:init@300>B:marker@415>B:IPE@952>B:abort_PFE
93,check_after_init+fenced_stops,33,89,36,37,147,90,205,overlap,InvalidTxnStateException,true,0,not_owner_after_init,0,0,0,0,stopped_on_fence,0,1,true,true,0,0,0,0,0,A>MARKER(e6),A2:init@90>A2:not_owner_after_init,B:init@37>B:marker@148>B:IPE@675>B:abort_PFE
94,no_check_after_init+fenced_checks_lease,158,30,163,164,278,36,149,a2_first,InvalidTxnStateException,true,0,not_owner,0,1,0,0,done,4,0,true,false,0,0,0,0,0,A>MARKER(e6)>B,A2:init@36>A2:IPE@296>A2:abort_PFE>A2:not_owner,B:init@164>B:marker@278>B:ok101>B:ok102>B:ok103>B:ok104
95,check_after_init+fenced_checks_lease,101,239,105,107,229,246,391,b_first,InvalidTxnStateException,true,0,not_owner_after_init,0,0,0,1,done,3,1,true,false,0,0,0,0,0,A>MARKER(e6)>B2,A2:init@246>A2:not_owner_after_init,B:init@107>B:marker@232>B:IPE@802>B:abort_PFE>B2:init@813>B2:ok101>B2:ok102>B2:ok103
96,no_check_after_init+fenced_stops,290,208,291,292,407,211,324,overlap,InvalidTxnStateException,true,0,stopped_on_fence,0,1,0,0,done,4,0,true,false,0,0,0,0,0,A>MARKER(e6)>B,A2:init@211>A2:IPE@422>A2:abort_PFE,B:init@292>B:marker@407>B:ok101>B:ok102>B:ok103>B:ok104
97,check_after_init+fenced_stops,63,328,69,70,187,333,450,b_first,InvalidTxnStateException,true,0,not_owner_after_init,0,0,0,0,stopped_on_fence,0,1,true,true,0,0,0,0,0,A>MARKER(e6),A2:init@333>A2:not_owner_after_init,B:init@70>B:marker@188>B:IPE@713>B:abort_PFE
98,no_check_after_init+fenced_checks_lease,270,233,269,270,393,235,359,overlap,InvalidTxnStateException,true,0,not_owner,0,1,0,0,done,4,0,true,false,0,0,0,0,0,A>MARKER(e6)>B,A2:init@235>A2:IPE@411>A2:abort_PFE>A2:not_owner,B:init@270>B:marker@393>B:ok101>B:ok102>B:ok103>B:ok104
99,check_after_init+fenced_checks_lease,121,291,121,122,234,296,423,b_first,InvalidTxnStateException,true,0,not_owner_after_init,0,0,0,1,done,3,1,true,false,0,0,0,0,0,A>MARKER(e6)>B2,A2:init@296>A2:not_owner_after_init,B:init@122>B:marker@237>B:IPE@770>B:abort_PFE>B2:init@780>B2:ok101>B2:ok102>B2:ok103
100,no_check_after_init+fenced_stops,282,341,281,282,397,347,461,overlap,InvalidTxnStateException,true,0,done,4,0,4,0,stopped_on_fence,0,1,true,true,0,0,0,0,4,A>MARKER(e6)>A2,A2:init@347>A2:ok101>A2:ok102>A2:ok103>A2:ok104,B:init@282>B:marker@397>B:IPE@931>B:abort_PFE
101,check_after_init+fenced_stops,39,34,40,42,160,38,155,overlap,InvalidTxnStateException,true,0,not_owner_after_init,0,0,0,0,done,4,0,true,false,0,0,0,0,0,A>MARKER(e6)>B,A2:init@38>A2:not_owner_after_init,B:init@42>B:marker@161>B:ok101>B:ok102>B:ok103>B:ok104
102,no_check_after_init+fenced_checks_lease,89,59,96,97,211,63,180,overlap,InvalidTxnStateException,true,0,not_owner,0,1,0,0,done,4,0,true,false,0,0,0,0,0,A>MARKER(e6)>B,A2:init@63>A2:IPE@228>A2:abort_PFE>A2:not_owner,B:init@97>B:marker@211>B:ok101>B:ok102>B:ok103>B:ok104
103,check_after_init+fenced_checks_lease,246,392,309,339,469,400,519,overlap,InvalidTxnStateException,true,0,not_owner_after_init,0,0,0,1,done,3,1,true,false,0,0,0,0,0,A>MARKER(e6)>B2,A2:init@400>A2:not_owner_after_init,B:init@339>B:marker@471>B:IPE@1020>B:abort_PFE>B2:init@1033>B2:ok101>B2:ok102>B2:ok103
104,no_check_after_init+fenced_stops,97,204,103,104,218,210,326,overlap,InvalidTxnStateException,true,0,done,4,0,4,0,stopped_on_fence,0,1,true,true,0,0,0,0,4,A>MARKER(e6)>A2,A2:init@210>A2:ok101>A2:ok102>A2:ok103>A2:ok104,B:init@104>B:marker@218>B:IPE@749>B:abort_PFE
105,check_after_init+fenced_stops,18,16,24,25,133,19,133,overlap,InvalidTxnStateException,true,0,not_owner_after_init,0,0,0,0,done,4,0,true,false,0,0,0,0,0,A>MARKER(e6)>B,A2:init@19>A2:not_owner_after_init,B:init@25>B:marker@134>B:ok101>B:ok102>B:ok103>B:ok104
106,no_check_after_init+fenced_checks_lease,278,36,285,286,404,38,151,a2_first,InvalidTxnStateException,true,0,not_owner,0,1,0,0,done,4,0,true,false,0,0,0,0,0,A>MARKER(e6)>B,A2:init@38>A2:IPE@418>A2:abort_PFE>A2:not_owner,B:init@286>B:marker@404>B:ok101>B:ok102>B:ok103>B:ok104
107,check_after_init+fenced_checks_lease,149,223,157,159,283,229,348,overlap,InvalidTxnStateException,true,0,not_owner_after_init,0,0,0,1,done,3,1,true,false,0,0,0,0,0,A>MARKER(e6)>B2,A2:init@229>A2:not_owner_after_init,B:init@159>B:marker@285>B:IPE@827>B:abort_PFE>B2:init@844>B2:ok101>B2:ok102>B2:ok103
108,no_check_after_init+fenced_stops,96,330,101,102,217,335,451,b_first,InvalidTxnStateException,true,0,done,4,0,4,0,stopped_on_fence,0,1,true,true,0,0,0,0,4,A>MARKER(e6)>A2,A2:init@335>A2:ok101>A2:ok102>A2:ok103>A2:ok104,B:init@102>B:marker@217>B:IPE@746>B:abort_PFE
109,check_after_init+fenced_stops,299,56,297,298,416,58,173,a2_first,InvalidTxnStateException,true,0,stopped_on_fence,0,1,0,0,done,4,0,true,false,0,0,0,0,0,A>MARKER(e6)>B,A2:init@58>A2:IPE@436>A2:abort_PFE,B:init@298>B:marker@417>B:ok101>B:ok102>B:ok103>B:ok104
110,no_check_after_init+fenced_checks_lease,98,85,103,103,217,89,206,overlap,InvalidTxnStateException,true,0,not_owner,0,1,0,0,done,4,0,true,false,0,0,0,0,0,A>MARKER(e6)>B,A2:init@89>A2:IPE@234>A2:abort_PFE>A2:not_owner,B:init@103>B:marker@217>B:ok101>B:ok102>B:ok103>B:ok104
111,check_after_init+fenced_checks_lease,137,360,137,138,250,361,471,b_first,InvalidTxnStateException,true,0,not_owner_after_init,0,0,0,1,done,3,1,true,false,0,0,0,0,0,A>MARKER(e6)>B2,A2:init@361>A2:not_owner_after_init,B:init@138>B:marker@251>B:IPE@788>B:abort_PFE>B2:init@798>B2:ok101>B2:ok102>B2:ok103
112,no_check_after_init+fenced_stops,42,20,44,45,162,24,144,overlap,InvalidTxnStateException,true,0,stopped_on_fence,0,1,0,0,done,4,0,true,false,0,0,0,0,0,A>MARKER(e6)>B,A2:init@24>A2:IPE@692>A2:abort_PFE,B:init@45>B:marker@162>B:ok101>B:ok102>B:ok103>B:ok104
113,check_after_init+fenced_stops,42,103,45,47,160,104,220,overlap,InvalidTxnStateException,true,0,not_owner_after_init,0,0,0,0,stopped_on_fence,0,1,true,true,0,0,0,0,0,A>MARKER(e6),A2:init@104>A2:not_owner_after_init,B:init@47>B:marker@161>B:IPE@690>B:abort_PFE
114,no_check_after_init+fenced_checks_lease,36,374,37,37,153,377,497,b_first,InvalidTxnStateException,true,0,not_owner,0,1,0,1,done,3,1,true,false,0,0,0,0,0,A>MARKER(e6)>B2,A2:init@377>A2:IPE@1016>A2:abort_PFE>A2:not_owner,B:init@37>B:marker@153>B:IPE@695>B:abort_PFE>B2:init@707>B2:ok101>B2:ok102>B2:ok103
115,check_after_init+fenced_checks_lease,191,156,187,188,298,162,274,overlap,InvalidTxnStateException,true,0,not_owner_after_init,0,0,0,0,done,4,0,true,false,0,0,0,0,0,A>MARKER(e6)>B,A2:init@162>A2:not_owner_after_init,B:init@188>B:marker@299>B:ok101>B:ok102>B:ok103>B:ok104
116,no_check_after_init+fenced_stops,13,178,19,20,140,183,295,b_first,InvalidTxnStateException,true,0,done,4,0,4,0,stopped_on_fence,0,1,true,true,0,0,0,0,4,A>MARKER(e6)>A2,A2:init@183>A2:ok101>A2:ok102>A2:ok103>A2:ok104,B:init@20>B:marker@140>B:IPE@672>B:abort_PFE
117,check_after_init+fenced_stops,33,19,46,48,179,30,174,overlap,InvalidTxnStateException,true,0,not_owner_after_init,0,0,0,0,done,4,0,true,false,0,0,0,0,0,A>MARKER(e6)>B,A2:init@30>A2:not_owner_after_init,B:init@48>B:marker@182>B:ok101>B:ok102>B:ok103>B:ok104
118,no_check_after_init+fenced_checks_lease,273,172,269,270,385,178,289,overlap,InvalidTxnStateException,true,0,not_owner,0,1,0,0,done,4,0,true,false,0,0,0,0,0,A>MARKER(e6)>B,A2:init@178>A2:IPE@403>A2:abort_PFE>A2:not_owner,B:init@270>B:marker@385>B:ok101>B:ok102>B:ok103>B:ok104
119,check_after_init+fenced_checks_lease,229,344,233,234,350,346,467,overlap,InvalidTxnStateException,true,0,not_owner_after_init,0,0,0,1,done,3,1,true,false,0,0,0,0,0,A>MARKER(e6)>B2,A2:init@346>A2:not_owner_after_init,B:init@234>B:marker@351>B:IPE@886>B:abort_PFE>B2:init@895>B2:ok101>B2:ok102>B2:ok103
120,no_check_after_init+fenced_stops,106,221,111,112,249,228,359,overlap,InvalidTxnStateException,true,0,done,4,0,4,0,stopped_on_fence,0,1,true,true,0,0,0,0,4,A>MARKER(e6)>A2,A2:init@228>A2:ok101>A2:ok102>A2:ok103>A2:ok104,B:init@112>B:marker@249>B:IPE@809>B:abort_PFE
121,check_after_init+fenced_stops,12,254,14,15,130,259,373,b_first,InvalidTxnStateException,true,0,not_owner_after_init,0,0,0,0,stopped_on_fence,0,1,true,true,0,0,0,0,0,A>MARKER(e6),A2:init@259>A2:not_owner_after_init,B:init@15>B:marker@133>B:IPE@665>B:abort_PFE
122,no_check_after_init+fenced_checks_lease,129,86,128,129,245,92,210,overlap,InvalidTxnStateException,true,0,not_owner,0,1,0,0,done,4,0,true,false,0,0,0,0,0,A>MARKER(e6)>B,A2:init@92>A2:IPE@263>A2:abort_PFE>A2:not_owner,B:init@129>B:marker@245>B:ok101>B:ok102>B:ok103>B:ok104
123,check_after_init+fenced_checks_lease,148,10,154,156,287,11,139,a2_first,InvalidTxnStateException,true,0,not_owner,0,1,0,0,done,4,0,true,false,0,0,0,0,0,A>MARKER(e6)>B,A2:init@11>A2:IPE@329>A2:abort_PFE>A2:not_owner,B:init@156>B:marker@295>B:ok101>B:ok102>B:ok103>B:ok104
124,no_check_after_init+fenced_stops,172,137,171,172,294,138,252,overlap,InvalidTxnStateException,true,0,stopped_on_fence,0,1,0,0,done,4,0,true,false,0,0,0,0,0,A>MARKER(e6)>B,A2:init@138>A2:IPE@317>A2:abort_PFE,B:init@172>B:marker@294>B:ok101>B:ok102>B:ok103>B:ok104
125,check_after_init+fenced_stops,255,353,257,258,376,359,479,overlap,InvalidTxnStateException,true,0,not_owner_after_init,0,0,0,0,stopped_on_fence,0,1,true,true,0,0,0,0,0,A>MARKER(e6),A2:init@359>A2:not_owner_after_init,B:init@258>B:marker@377>B:IPE@906>B:abort_PFE
126,no_check_after_init+fenced_checks_lease,85,21,86,87,201,26,143,overlap,InvalidTxnStateException,true,0,not_owner,0,1,0,0,done,4,0,true,false,0,0,0,0,0,A>MARKER(e6)>B,A2:init@26>A2:IPE@218>A2:abort_PFE>A2:not_owner,B:init@87>B:marker@201>B:ok101>B:ok102>B:ok103>B:ok104
127,check_after_init+fenced_checks_lease,70,71,73,75,299,76,192,overlap,InvalidTxnStateException,true,0,not_owner_after_init,0,0,0,0,done,4,0,true,false,0,0,0,0,0,A>MARKER(e6)>B,A2:init@76>A2:not_owner_after_init,B:init@75>B:marker@300>B:ok101>B:ok102>B:ok103>B:ok104
128,no_check_after_init+fenced_stops,56,42,56,57,173,46,160,overlap,InvalidTxnStateException,true,0,stopped_on_fence,0,1,0,0,done,4,0,true,false,0,0,0,0,0,A>MARKER(e6)>B,A2:init@46>A2:IPE@190>A2:abort_PFE,B:init@57>B:marker@173>B:ok101>B:ok102>B:ok103>B:ok104
129,check_after_init+fenced_stops,88,266,104,106,221,284,448,b_first,InvalidTxnStateException,true,0,not_owner_after_init,0,0,0,0,stopped_on_fence,0,1,true,true,0,0,0,0,0,A>MARKER(e6),A2:init@284>A2:not_owner_after_init,B:init@106>B:marker@223>B:IPE@846>B:abort_PFE
130,no_check_after_init+fenced_checks_lease,292,62,367,369,509,68,182,a2_first,InvalidTxnStateException,true,0,not_owner,0,1,0,0,done,4,0,true,false,0,0,0,0,0,A>MARKER(e6)>B,A2:init@68>A2:IPE@536>A2:abort_PFE>A2:not_owner,B:init@369>B:marker@509>B:ok101>B:ok102>B:ok103>B:ok104
131,check_after_init+fenced_checks_lease,102,305,103,104,222,309,433,b_first,InvalidTxnStateException,true,0,not_owner_after_init,0,0,0,1,done,3,1,true,false,0,0,0,0,0,A>MARKER(e6)>B2,A2:init@309>A2:not_owner_after_init,B:init@104>B:marker@223>B:IPE@813>B:abort_PFE>B2:init@824>B2:ok101>B2:ok102>B2:ok103
132,no_check_after_init+fenced_stops,253,117,252,253,359,117,224,a2_first,InvalidTxnStateException,true,0,stopped_on_fence,0,1,0,0,done,4,0,true,false,0,0,0,0,0,A>MARKER(e6)>B,A2:init@117>A2:IPE@372>A2:abort_PFE,B:init@253>B:marker@359>B:ok101>B:ok102>B:ok103>B:ok104
133,check_after_init+fenced_stops,166,373,174,175,303,376,514,b_first,InvalidTxnStateException,true,0,not_owner_after_init,0,0,0,0,stopped_on_fence,0,1,true,true,0,0,0,0,0,A>MARKER(e6),A2:init@376>A2:not_owner_after_init,B:init@175>B:marker@304>B:IPE@884>B:abort_PFE
134,no_check_after_init+fenced_checks_lease,6,398,183,185,378,401,610,b_first,InvalidTxnStateException,true,0,not_owner,3,1,3,1,done,3,1,true,false,0,0,0,0,3,A>MARKER(e6)>A2>B2,A2:init@401>A2:ok101>A2:ok102>A2:ok103>A2:IPE@1225>A2:abort_PFE>A2:not_owner,B:init@185>B:marker@379>B:IPE@1088>B:abort_PFE>B2:init@1102>B2:ok104>B2:ok105>B2:ok106
135,check_after_init+fenced_checks_lease,198,257,199,200,314,258,374,overlap,InvalidTxnStateException,true,0,not_owner_after_init,0,0,0,1,done,3,1,true,false,0,0,0,0,0,A>MARKER(e6)>B2,A2:init@258>A2:not_owner_after_init,B:init@200>B:marker@315>B:IPE@849>B:abort_PFE>B2:init@855>B2:ok101>B2:ok102>B2:ok103
136,no_check_after_init+fenced_stops,299,273,309,311,450,276,430,overlap,InvalidTxnStateException,true,0,stopped_on_fence,0,1,0,0,done,4,0,true,false,0,0,0,0,0,A>MARKER(e6)>B,A2:init@276>A2:IPE@464>A2:abort_PFE,B:init@311>B:marker@450>B:ok101>B:ok102>B:ok103>B:ok104
137,check_after_init+fenced_stops,158,190,163,164,280,191,309,overlap,InvalidTxnStateException,true,0,not_owner_after_init,0,0,0,0,stopped_on_fence,0,1,true,true,0,0,0,0,0,A>MARKER(e6),A2:init@191>A2:not_owner_after_init,B:init@164>B:marker@281>B:IPE@807>B:abort_PFE
138,no_check_after_init+fenced_checks_lease,116,98,123,124,240,99,220,overlap,InvalidTxnStateException,true,0,not_owner,0,1,0,0,done,4,0,true,false,0,0,0,0,0,A>MARKER(e6)>B,A2:init@99>A2:IPE@258>A2:abort_PFE>A2:not_owner,B:init@124>B:marker@240>B:ok101>B:ok102>B:ok103>B:ok104
139,check_after_init+fenced_checks_lease,176,74,261,263,460,81,286,overlap,InvalidTxnStateException,true,0,not_owner_after_init,0,0,0,0,done,4,0,true,false,0,0,0,0,0,A>MARKER(e6)>B,A2:init@81>A2:not_owner_after_init,B:init@263>B:marker@506>B:ok101>B:ok102>B:ok103>B:ok104
140,no_check_after_init+fenced_stops,48,218,59,60,169,220,334,b_first,InvalidTxnStateException,true,0,done,4,0,4,0,stopped_on_fence,0,1,true,true,0,0,0,0,4,A>MARKER(e6)>A2,A2:init@220>A2:ok101>A2:ok102>A2:ok103>A2:ok104,B:init@60>B:marker@169>B:IPE@692>B:abort_PFE
141,check_after_init+fenced_stops,2,265,4,5,116,266,381,b_first,InvalidTxnStateException,true,0,not_owner_after_init,0,0,0,0,stopped_on_fence,0,1,true,true,0,0,0,0,0,A>MARKER(e6),A2:init@266>A2:not_owner_after_init,B:init@5>B:marker@122>B:IPE@673>B:abort_PFE
142,no_check_after_init+fenced_checks_lease,148,261,241,243,593,269,751,overlap,InvalidTxnStateException,true,0,not_owner,1,1,1,1,done,3,1,true,false,0,0,0,0,1,A>MARKER(e6)>A2>B2,A2:init@269>A2:ok101>A2:IPE@1440>A2:abort_PFE>A2:not_owner,B:init@243>B:marker@593>B:IPE@1282>B:abort_PFE>B2:init@1297>B2:ok102>B2:ok103>B2:ok104
143,check_after_init+fenced_checks_lease,22,202,24,29,156,205,360,b_first,InvalidTxnStateException,true,0,not_owner_after_init,0,0,0,1,done,3,1,true,false,0,0,0,0,0,A>MARKER(e6)>B2,A2:init@205>A2:not_owner_after_init,B:init@29>B:marker@164>B:IPE@749>B:abort_PFE>B2:init@757>B2:ok101>B2:ok102>B2:ok103
144,no_check_after_init+fenced_stops,112,291,118,120,238,293,406,b_first,InvalidTxnStateException,true,0,done,4,0,4,0,stopped_on_fence,0,1,true,true,0,0,0,0,4,A>MARKER(e6)>A2,A2:init@293>A2:ok101>A2:ok102>A2:ok103>A2:ok104,B:init@120>B:marker@238>B:IPE@787>B:abort_PFE
145,check_after_init+fenced_stops,130,238,133,134,248,238,366,overlap,InvalidTxnStateException,true,0,not_owner_after_init,0,0,0,0,stopped_on_fence,0,1,true,true,0,0,0,0,0,A>MARKER(e6),A2:init@238>A2:not_owner_after_init,B:init@134>B:marker@254>B:IPE@836>B:abort_PFE
146,no_check_after_init+fenced_checks_lease,164,344,170,171,286,345,459,b_first,InvalidTxnStateException,true,0,not_owner,1,1,1,1,done,3,1,true,false,0,0,0,0,1,A>MARKER(e6)>A2>B2,A2:init@345>A2:ok101>A2:IPE@998>A2:abort_PFE>A2:not_owner,B:init@171>B:marker@286>B:IPE@817>B:abort_PFE>B2:init@848>B2:ok102>B2:ok103>B2:ok104
147,check_after_init+fenced_checks_lease,87,185,159,160,428,204,428,overlap,InvalidTxnStateException,true,0,not_owner_after_init,0,0,0,0,done,4,0,true,false,0,0,0,0,0,A>MARKER(e6)>B,A2:init@204>A2:not_owner_after_init,B:init@160>B:marker@444>B:ok101>B:ok102>B:ok103>B:ok104
148,no_check_after_init+fenced_stops,172,315,177,179,299,316,433,b_first,InvalidTxnStateException,true,0,done,4,0,4,0,stopped_on_fence,0,1,true,true,0,0,0,0,4,A>MARKER(e6)>A2,A2:init@316>A2:ok101>A2:ok102>A2:ok103>A2:ok104,B:init@179>B:marker@299>B:IPE@839>B:abort_PFE
149,check_after_init+fenced_stops,292,160,309,310,500,164,309,a2_first,InvalidTxnStateException,true,0,not_owner_after_init,0,0,0,0,done,4,0,true,false,0,0,0,0,0,A>MARKER(e6)>B,A2:init@164>A2:not_owner_after_init,B:init@310>B:marker@514>B:ok101>B:ok102>B:ok103>B:ok104
150,no_check_after_init+fenced_checks_lease,291,189,302,303,426,195,322,overlap,InvalidTxnStateException,true,0,not_owner,0,1,0,0,done,4,0,true,false,0,0,0,0,0,A>MARKER(e6)>B,A2:init@195>A2:IPE@446>A2:abort_PFE>A2:not_owner,B:init@303>B:marker@426>B:ok101>B:ok102>B:ok103>B:ok104
151,check_after_init+fenced_checks_lease,264,104,268,270,389,109,223,a2_first,InvalidTxnStateException,true,0,not_owner,0,1,0,0,done,4,0,true,false,0,0,0,0,0,A>MARKER(e6)>B,A2:init@109>A2:IPE@413>A2:abort_PFE>A2:not_owner,B:init@270>B:marker@394>B:ok101>B:ok102>B:ok103>B:ok104
152,no_check_after_init+fenced_stops,273,250,322,325,575,260,484,overlap,InvalidTxnStateException,true,0,stopped_on_fence,0,1,0,0,done,4,0,true,false,0,0,0,0,0,A>MARKER(e6)>B,A2:init@260>A2:IPE@592>A2:abort_PFE,B:init@325>B:marker@575>B:ok101>B:ok102>B:ok103>B:ok104
153,check_after_init+fenced_stops,299,264,299,300,414,269,383,overlap,InvalidTxnStateException,true,0,not_owner_after_init,0,0,0,0,done,4,0,true,false,0,0,0,0,0,A>MARKER(e6)>B,A2:init@269>A2:not_owner_after_init,B:init@300>B:marker@417>B:ok101>B:ok102>B:ok103>B:ok104
154,no_check_after_init+fenced_checks_lease,41,362,44,45,156,365,483,b_first,InvalidTxnStateException,true,0,not_owner,0,1,0,1,done,3,1,true,false,0,0,0,0,0,A>MARKER(e6)>B2,A2:init@365>A2:IPE@1120>A2:abort_PFE>A2:not_owner,B:init@45>B:marker@156>B:IPE@713>B:abort_PFE>B2:init@720>B2:ok101>B2:ok102>B2:ok103
155,check_after_init+fenced_checks_lease,4,301,36,38,178,302,419,b_first,InvalidTxnStateException,true,0,not_owner_after_init,0,0,0,1,done,3,1,true,false,0,0,0,0,0,A>MARKER(e6)>B2,A2:init@302>A2:not_owner_after_init,B:init@38>B:marker@185>B:IPE@793>B:abort_PFE>B2:init@805>B2:ok101>B2:ok102>B2:ok103
156,no_check_after_init+fenced_stops,69,94,74,76,241,98,248,overlap,InvalidTxnStateException,true,0,done,4,0,4,0,stopped_on_fence,0,0,true,true,0,0,0,0,0,A>A2,A2:init@98>A2:ok101>A2:ok102>A2:ok103>A2:ok104,B:init@76>B:IPE@241>B:abort_PFE
157,check_after_init+fenced_stops,85,71,97,104,265,79,248,overlap,InvalidTxnStateException,true,0,not_owner_after_init,0,0,0,0,done,4,0,true,false,0,0,0,0,0,A>MARKER(e6)>B,A2:init@79>A2:not_owner_after_init,B:init@104>B:marker@267>B:ok101>B:ok102>B:ok103>B:ok104
158,no_check_after_init+fenced_checks_lease,227,313,230,235,361,319,428,overlap,InvalidTxnStateException,true,0,not_owner,2,1,2,1,done,3,1,true,false,0,0,0,0,2,A>MARKER(e6)>A2>B2,A2:init@319>A2:ok101>A2:ok102>A2:IPE@1033>A2:abort_PFE>A2:not_owner,B:init@235>B:marker@361>B:IPE@897>B:abort_PFE>B2:init@909>B2:ok103>B2:ok104>B2:ok105
159,check_after_init+fenced_checks_lease,191,310,202,203,336,314,517,overlap,InvalidTxnStateException,true,0,not_owner_after_init,0,0,0,1,done,3,1,true,false,0,0,0,0,0,A>MARKER(e6)>B2,A2:init@314>A2:not_owner_after_init,B:init@203>B:marker@359>B:IPE@965>B:abort_PFE>B2:init@1005>B2:ok101>B2:ok102>B2:ok103
160,no_check_after_init+fenced_stops,77,212,79,80,198,218,335,b_first,InvalidTxnStateException,true,0,done,4,0,4,0,stopped_on_fence,0,1,true,true,0,0,0,0,4,A>MARKER(e6)>A2,A2:init@218>A2:ok101>A2:ok102>A2:ok103>A2:ok104,B:init@80>B:marker@198>B:IPE@733>B:abort_PFE
161,check_after_init+fenced_stops,156,223,156,157,265,226,340,overlap,InvalidTxnStateException,true,0,not_owner_after_init,0,0,0,0,stopped_on_fence,0,1,true,true,0,0,0,0,0,A>MARKER(e6),A2:init@226>A2:not_owner_after_init,B:init@157>B:marker@265>B:IPE@784>B:abort_PFE
162,no_check_after_init+fenced_checks_lease,160,382,165,166,283,387,528,b_first,InvalidTxnStateException,true,0,not_owner,0,1,0,1,done,3,1,true,false,0,0,0,0,0,A>MARKER(e6)>B2,A2:init@387>A2:IPE@1048>A2:abort_PFE>A2:not_owner,B:init@166>B:marker@283>B:IPE@865>B:abort_PFE>B2:init@876>B2:ok101>B2:ok102>B2:ok103
163,check_after_init+fenced_checks_lease,197,63,212,212,341,66,191,a2_first,InvalidTxnStateException,true,0,not_owner_after_init,0,0,0,0,done,4,0,true,false,0,0,0,0,0,A>MARKER(e6)>B,A2:init@66>A2:not_owner_after_init,B:init@212>B:marker@345>B:ok101>B:ok102>B:ok103>B:ok104
164,no_check_after_init+fenced_stops,61,139,66,67,180,143,258,overlap,InvalidTxnStateException,true,0,done,4,0,4,0,stopped_on_fence,0,1,true,true,0,0,0,0,4,A>MARKER(e6)>A2,A2:init@143>A2:ok101>A2:ok102>A2:ok103>A2:ok104,B:init@67>B:marker@180>B:IPE@808>B:abort_PFE
165,check_after_init+fenced_stops,273,125,274,275,393,127,236,a2_first,InvalidTxnStateException,true,0,stopped_on_fence,0,1,0,0,done,4,0,true,false,0,0,0,0,0,A>MARKER(e6)>B,A2:init@127>A2:IPE@416>A2:abort_PFE,B:init@275>B:marker@394>B:ok101>B:ok102>B:ok103>B:ok104
166,no_check_after_init+fenced_checks_lease,297,150,303,303,416,156,272,a2_first,InvalidTxnStateException,true,0,not_owner,0,1,0,0,done,4,0,true,false,0,0,0,0,0,A>MARKER(e6)>B,A2:init@156>A2:IPE@431>A2:abort_PFE>A2:not_owner,B:init@303>B:marker@416>B:ok101>B:ok102>B:ok103>B:ok104
167,check_after_init+fenced_checks_lease,296,81,303,304,415,83,193,a2_first,InvalidTxnStateException,true,0,not_owner,0,1,0,0,done,4,0,true,false,0,0,0,0,0,A>MARKER(e6)>B,A2:init@83>A2:IPE@431>A2:abort_PFE>A2:not_owner,B:init@304>B:marker@416>B:ok101>B:ok102>B:ok103>B:ok104
168,no_check_after_init+fenced_stops,254,41,251,252,362,46,160,a2_first,InvalidTxnStateException,true,0,stopped_on_fence,0,1,0,0,done,4,0,true,false,0,0,0,0,0,A>MARKER(e6)>B,A2:init@46>A2:IPE@381>A2:abort_PFE,B:init@252>B:marker@362>B:ok101>B:ok102>B:ok103>B:ok104
169,check_after_init+fenced_stops,282,204,284,285,406,204,316,overlap,InvalidTxnStateException,true,0,not_owner_after_init,0,0,0,0,done,4,0,true,false,0,0,0,0,0,A>MARKER(e6)>B,A2:init@204>A2:not_owner_after_init,B:init@285>B:marker@406>B:ok101>B:ok102>B:ok103>B:ok104
170,no_check_after_init+fenced_checks_lease,175,161,182,184,424,167,314,overlap,InvalidTxnStateException,true,0,not_owner,0,1,0,0,done,4,0,true,false,0,0,0,0,0,A>MARKER(e6)>B,A2:init@167>A2:IPE@457>A2:abort_PFE>A2:not_owner,B:init@184>B:marker@424>B:ok101>B:ok102>B:ok103>B:ok104
171,check_after_init+fenced_checks_lease,190,303,191,192,307,308,431,b_first,InvalidTxnStateException,true,0,not_owner_after_init,0,0,0,1,done,3,1,true,false,0,0,0,0,0,A>MARKER(e6)>B2,A2:init@308>A2:not_owner_after_init,B:init@192>B:marker@314>B:IPE@838>B:abort_PFE>B2:init@844>B2:ok101>B2:ok102>B2:ok103
172,no_check_after_init+fenced_stops,84,277,87,88,196,278,389,b_first,InvalidTxnStateException,true,0,done,4,0,4,0,stopped_on_fence,0,1,true,true,0,0,0,0,4,A>MARKER(e6)>A2,A2:init@278>A2:ok101>A2:ok102>A2:ok103>A2:ok104,B:init@88>B:marker@196>B:IPE@724>B:abort_PFE
173,check_after_init+fenced_stops,193,49,194,194,311,51,168,a2_first,InvalidTxnStateException,true,0,stopped_on_fence,0,1,0,0,done,4,0,true,false,0,0,0,0,0,A>MARKER(e6)>B,A2:init@51>A2:IPE@345>A2:abort_PFE,B:init@194>B:marker@314>B:ok101>B:ok102>B:ok103>B:ok104
174,no_check_after_init+fenced_checks_lease,148,132,150,151,264,137,249,overlap,InvalidTxnStateException,true,0,not_owner,0,1,0,0,done,4,0,true,false,0,0,0,0,0,A>MARKER(e6)>B,A2:init@137>A2:IPE@279>A2:abort_PFE>A2:not_owner,B:init@151>B:marker@264>B:ok101>B:ok102>B:ok103>B:ok104
175,check_after_init+fenced_checks_lease,82,95,92,93,217,100,219,overlap,InvalidTxnStateException,true,0,not_owner_after_init,0,0,0,1,done,3,0,true,false,0,0,0,0,0,A>MARKER(e6)>B2,A2:init@100>A2:not_owner_after_init,B:init@93>B:IPE@219>B:abort_PFE>B2:init@234>B2:marker@350>B2:ok101>B2:ok102>B2:ok103
176,no_check_after_init+fenced_stops,264,244,274,275,403,247,365,overlap,InvalidTxnStateException,true,0,stopped_on_fence,0,1,0,0,done,4,0,true,false,0,0,0,0,0,A>MARKER(e6)>B,A2:init@247>A2:IPE@431>A2:abort_PFE,B:init@275>B:marker@403>B:ok101>B:ok102>B:ok103>B:ok104
177,check_after_init+fenced_stops,275,242,273,274,392,255,375,overlap,InvalidTxnStateException,true,0,not_owner_after_init,0,0,0,0,done,4,0,true,false,0,0,0,0,0,A>MARKER(e6)>B,A2:init@255>A2:not_owner_after_init,B:init@274>B:marker@393>B:ok101>B:ok102>B:ok103>B:ok104
178,no_check_after_init+fenced_checks_lease,209,42,209,209,321,45,170,a2_first,InvalidTxnStateException,true,0,not_owner,0,1,0,0,done,4,0,true,false,0,0,0,0,0,A>MARKER(e6)>B,A2:init@45>A2:IPE@340>A2:abort_PFE>A2:not_owner,B:init@209>B:marker@321>B:ok101>B:ok102>B:ok103>B:ok104
179,check_after_init+fenced_checks_lease,6,73,10,11,123,79,203,overlap,InvalidTxnStateException,true,0,not_owner_after_init,0,0,0,1,done,3,1,true,false,0,0,0,0,0,A>MARKER(e6)>B2,A2:init@79>A2:not_owner_after_init,B:init@11>B:marker@125>B:IPE@686>B:abort_PFE>B2:init@691>B2:ok101>B2:ok102>B2:ok103
180,no_check_after_init+fenced_stops,70,161,74,75,183,165,280,overlap,InvalidTxnStateException,true,0,done,4,0,4,0,stopped_on_fence,0,1,true,true,0,0,0,0,4,A>MARKER(e6)>A2,A2:init@165>A2:ok101>A2:ok102>A2:ok103>A2:ok104,B:init@75>B:marker@183>B:IPE@835>B:abort_PFE
181,check_after_init+fenced_stops,217,154,338,340,566,169,474,overlap,InvalidTxnStateException,true,0,not_owner_after_init,0,0,0,0,done,4,0,true,false,0,0,0,0,0,A>MARKER(e6)>B,A2:init@169>A2:not_owner_after_init,B:init@340>B:marker@584>B:ok101>B:ok102>B:ok103>B:ok104
182,no_check_after_init+fenced_checks_lease,72,248,86,101,326,286,440,overlap,InvalidTxnStateException,true,0,not_owner,1,1,1,1,done,3,1,true,false,0,0,0,0,1,A>MARKER(e6)>A2>B2,A2:init@286>A2:ok101>A2:ITS@1156>A2:not_owner,B:init@101>B:marker@326>B:IPE@963>B:abort_PFE>B2:init@1040>B2:ok102>B2:ok103>B2:ok104
183,check_after_init+fenced_checks_lease,89,71,103,104,381,72,381,overlap,InvalidTxnStateException,true,0,not_owner_after_init,0,0,0,0,done,4,0,true,false,0,0,0,0,0,A>MARKER(e6)>B,A2:init@72>A2:not_owner_after_init,B:init@104>B:marker@392>B:ok101>B:ok102>B:ok103>B:ok104
184,no_check_after_init+fenced_stops,2,357,6,11,141,365,498,b_first,InvalidTxnStateException,true,0,done,4,0,4,0,stopped_on_fence,0,1,true,true,0,0,0,0,4,A>MARKER(e6)>A2,A2:init@365>A2:ok101>A2:ok102>A2:ok103>A2:ok104,B:init@11>B:marker@141>B:IPE@807>B:abort_PFE
185,check_after_init+fenced_stops,64,105,87,90,274,111,380,overlap,InvalidTxnStateException,true,0,not_owner_after_init,0,0,0,0,stopped_on_fence,0,1,true,true,0,0,0,0,0,A>MARKER(e6),A2:init@111>A2:not_owner_after_init,B:init@90>B:marker@276>B:IPE@812>B:abort_PFE
186,no_check_after_init+fenced_checks_lease,239,13,253,255,387,17,134,a2_first,InvalidTxnStateException,true,0,not_owner,0,1,0,0,done,4,0,true,false,0,0,0,0,0,A>MARKER(e6)>B,A2:init@17>A2:IPE@402>A2:abort_PFE>A2:not_owner,B:init@255>B:marker@387>B:ok101>B:ok102>B:ok103>B:ok104
187,check_after_init+fenced_checks_lease,17,116,18,19,139,120,244,overlap,InvalidTxnStateException,true,0,not_owner_after_init,0,0,0,1,done,3,1,true,false,0,0,0,0,0,A>MARKER(e6)>B2,A2:init@120>A2:not_owner_after_init,B:init@19>B:marker@140>B:IPE@677>B:abort_PFE>B2:init@725>B2:ok101>B2:ok102>B2:ok103
188,no_check_after_init+fenced_stops,17,323,20,21,140,325,457,b_first,InvalidTxnStateException,true,0,done,4,0,4,0,stopped_on_fence,0,1,true,true,0,0,0,0,4,A>MARKER(e6)>A2,A2:init@325>A2:ok101>A2:ok102>A2:ok103>A2:ok104,B:init@21>B:marker@140>B:IPE@686>B:abort_PFE
189,check_after_init+fenced_stops,29,378,45,47,227,384,520,b_first,InvalidTxnStateException,true,0,not_owner_after_init,0,0,0,0,stopped_on_fence,0,1,true,true,0,0,0,0,0,A>MARKER(e6),A2:init@384>A2:not_owner_after_init,B:init@47>B:marker@231>B:IPE@888>B:abort_PFE
190,no_check_after_init+fenced_checks_lease,276,376,277,279,390,381,493,overlap,InvalidTxnStateException,true,0,not_owner,2,1,2,1,done,3,1,true,false,0,0,0,0,2,A>MARKER(e6)>A2>B2,A2:init@381>A2:ok101>A2:ok102>A2:IPE@1053>A2:abort_PFE>A2:not_owner,B:init@279>B:marker@390>B:IPE@907>B:abort_PFE>B2:init@918>B2:ok103>B2:ok104>B2:ok105
191,check_after_init+fenced_checks_lease,218,118,227,229,383,125,271,overlap,InvalidTxnStateException,true,0,not_owner_after_init,0,0,0,0,done,4,0,true,false,0,0,0,0,0,A>MARKER(e6)>B,A2:init@125>A2:not_owner_after_init,B:init@229>B:marker@386>B:ok101>B:ok102>B:ok103>B:ok104
192,no_check_after_init+fenced_stops,72,298,74,75,193,303,416,b_first,InvalidTxnStateException,true,0,done,4,0,4,0,stopped_on_fence,0,1,true,true,0,0,0,0,4,A>MARKER(e6)>A2,A2:init@303>A2:ok101>A2:ok102>A2:ok103>A2:ok104,B:init@75>B:marker@193>B:IPE@758>B:abort_PFE
193,check_after_init+fenced_stops,259,59,262,263,373,62,182,a2_first,InvalidTxnStateException,true,0,stopped_on_fence,0,1,0,0,done,4,0,true,false,0,0,0,0,0,A>MARKER(e6)>B,A2:init@62>A2:IPE@386>A2:abort_PFE,B:init@263>B:marker@374>B:ok101>B:ok102>B:ok103>B:ok104
194,no_check_after_init+fenced_checks_lease,186,174,194,195,328,180,307,overlap,InvalidTxnStateException,true,0,not_owner,0,1,0,0,done,4,0,true,false,0,0,0,0,0,A>MARKER(e6)>B,A2:init@180>A2:IPE@348>A2:abort_PFE>A2:not_owner,B:init@195>B:marker@328>B:ok101>B:ok102>B:ok103>B:ok104
195,check_after_init+fenced_checks_lease,184,149,187,188,435,160,329,overlap,InvalidTxnStateException,true,0,not_owner_after_init,0,0,0,0,done,4,0,true,false,0,0,0,0,0,A>MARKER(e6)>B,A2:init@160>A2:not_owner_after_init,B:init@188>B:marker@437>B:ok101>B:ok102>B:ok103>B:ok104
196,no_check_after_init+fenced_stops,208,258,206,207,318,261,376,overlap,InvalidTxnStateException,true,0,done,4,0,4,0,stopped_on_fence,0,1,true,true,0,0,0,0,4,A>MARKER(e6)>A2,A2:init@261>A2:ok101>A2:ok102>A2:ok103>A2:ok104,B:init@207>B:marker@318>B:IPE@894>B:abort_PFE
197,check_after_init+fenced_stops,185,21,349,349,460,22,142,a2_first,InvalidTxnStateException,true,0,stopped_on_fence,0,1,0,0,done,4,0,true,false,0,0,0,0,0,A>MARKER(e6)>B,A2:init@22>A2:IPE@480>A2:abort_PFE,B:init@349>B:marker@461>B:ok101>B:ok102>B:ok103>B:ok104
198,no_check_after_init+fenced_checks_lease,31,125,36,37,146,131,245,overlap,InvalidTxnStateException,true,0,not_owner,2,1,2,1,done,3,1,true,false,0,0,0,0,2,A>MARKER(e6)>A2>B2,A2:init@131>A2:ok101>A2:ok102>A2:IPE@830>A2:abort_PFE>A2:not_owner,B:init@37>B:marker@146>B:IPE@686>B:abort_PFE>B2:init@694>B2:ok103>B2:ok104>B2:ok105
199,check_after_init+fenced_checks_lease,210,15,219,220,342,19,138,a2_first,InvalidTxnStateException,true,0,not_owner,0,1,0,0,done,4,0,true,false,0,0,0,0,0,A>MARKER(e6)>B,A2:init@19>A2:IPE@375>A2:abort_PFE>A2:not_owner,B:init@220>B:marker@344>B:ok101>B:ok102>B:ok103>B:ok104
