trial,wake,policy,pause_ms,state_before_wake,send_error,commit_error,commit_ms,handling,abort_error,restart_init_ms,replay_last_seq,txn_start_vm_ms,rollback_vm_ms,rollback_after_start_ms,acked,failed,broker_acked_aborted,dup_seqs,gaps,acked_lost,failed_stored
0,COMMIT,A_ABORT_REWIND,833,Ongoing,-,-,12,none,-,-1,-1,1791176304293,-1,-1,5,0,0,0,0,0,0
1,SEND,A_ABORT_REWIND,899,Ongoing,-,-,17,none,-,-1,-1,1791176306099,-1,-1,6,0,0,0,0,0,0
2,COMMIT,B_RESTART,843,Ongoing,-,-,9,none,-,-1,-1,1791176307693,-1,-1,5,0,0,0,0,0,0
3,SEND,B_RESTART,2863,CompleteAbort,InvalidProducerEpochException,InvalidProducerEpochException,10,restart,-,120,100,1791176309363,1791176311144,1781,3,3,2,0,0,0,0
4,COMMIT,A_ABORT_REWIND,1434,Ongoing,-,-,7,none,-,-1,-1,1791176313701,-1,-1,5,0,0,0,0,0,0
5,SEND,A_ABORT_REWIND,1736,CompleteAbort,InvalidProducerEpochException,InvalidProducerEpochException,18,abort_rewind,-,-1,-1,1791176315968,1791176318780,2812,3,3,2,0,0,0,0
6,COMMIT,B_RESTART,1912,Ongoing,-,InvalidTxnStateException,107,restart,-,118,100,1791176319713,1791176321641,1928,3,2,2,0,0,0,0
7,SEND,B_RESTART,2310,CompleteAbort,InvalidProducerEpochException,InvalidProducerEpochException,3,restart,-,119,100,1791176323137,1791176324643,1506,3,3,2,0,0,0,0
8,COMMIT,A_ABORT_REWIND,2989,CompleteAbort,-,InvalidTxnStateException,4,abort_failed_restart,KafkaException,126,100,1791176326779,1791176328521,1742,3,2,2,0,0,0,0
9,SEND,A_ABORT_REWIND,2792,CompleteAbort,InvalidProducerEpochException,InvalidProducerEpochException,17,abort_rewind,-,-1,-1,1791176331330,1791176333019,1689,3,3,2,0,0,0,0
10,COMMIT,B_RESTART,245,Ongoing,-,-,2,none,-,-1,-1,1791176335419,-1,-1,5,0,0,0,0,0,0
11,SEND,B_RESTART,160,Ongoing,-,-,7,none,-,-1,-1,1791176336277,-1,-1,6,0,0,0,0,0,0
12,COMMIT,A_ABORT_REWIND,2394,CompleteAbort,-,InvalidTxnStateException,1,abort_failed_restart,KafkaException,120,100,1791176337200,1791176338907,1707,3,2,2,0,0,0,0
13,SEND,A_ABORT_REWIND,1203,Ongoing,-,-,23,none,-,-1,-1,1791176341202,-1,-1,6,0,0,0,0,0,0
14,COMMIT,B_RESTART,1678,CompleteAbort,-,InvalidTxnStateException,6,restart,-,156,100,1791176343222,1791176344909,1687,3,2,2,0,0,0,0
15,SEND,B_RESTART,777,Ongoing,-,-,5,none,-,-1,-1,1791176346209,-1,-1,6,0,0,0,0,0,0
16,COMMIT,A_ABORT_REWIND,1550,Ongoing,-,-,2,none,-,-1,-1,1791176347696,-1,-1,5,0,0,0,0,0,0
17,SEND,A_ABORT_REWIND,1303,Ongoing,-,-,21,none,-,-1,-1,1791176350015,-1,-1,6,0,0,0,0,0,0
18,COMMIT,B_RESTART,2832,CompleteAbort,-,InvalidTxnStateException,3,restart,-,172,100,1791176352135,1791176353802,1667,3,2,2,0,0,0,0
19,SEND,B_RESTART,963,Ongoing,-,-,4,none,-,-1,-1,1791176356398,-1,-1,6,0,0,0,0,0,0
20,COMMIT,A_ABORT_REWIND,2694,CompleteAbort,-,InvalidTxnStateException,2,abort_failed_restart,KafkaException,158,100,1791176358121,1791176359691,1570,3,2,2,0,0,0,0
21,SEND,A_ABORT_REWIND,2387,CompleteAbort,InvalidProducerEpochException,InvalidProducerEpochException,34,abort_rewind,-,-1,-1,1791176362314,1791176364192,1878,3,3,2,0,0,0,0
22,COMMIT,B_RESTART,1384,Ongoing,-,-,4,none,-,-1,-1,1791176366229,-1,-1,5,0,0,0,0,0,0
23,SEND,B_RESTART,426,Ongoing,-,-,4,none,-,-1,-1,1791176368388,-1,-1,6,0,0,0,0,0,0
24,COMMIT,A_ABORT_REWIND,1669,Ongoing,-,-,1,none,-,-1,-1,1791176369587,-1,-1,5,0,0,0,0,0,0
25,SEND,A_ABORT_REWIND,1849,CompleteAbort,InvalidProducerEpochException,InvalidProducerEpochException,7,abort_rewind,-,-1,-1,1791176372001,1791176373574,1573,3,3,2,0,0,0,0
26,COMMIT,B_RESTART,339,Ongoing,-,-,4,none,-,-1,-1,1791176375378,-1,-1,5,0,0,0,0,0,0
27,SEND,B_RESTART,199,Ongoing,-,-,4,none,-,-1,-1,1791176376348,-1,-1,6,0,0,0,0,0,0
28,COMMIT,A_ABORT_REWIND,1921,CompleteAbort,-,InvalidTxnStateException,1,abort_failed_restart,KafkaException,113,100,1791176377269,1791176378957,1688,3,2,2,0,0,0,0
29,SEND,A_ABORT_REWIND,1525,Ongoing,-,-,3,none,-,-1,-1,1791176380595,-1,-1,6,0,0,0,0,0,0
30,COMMIT,B_RESTART,551,Ongoing,-,-,1,none,-,-1,-1,1791176382909,-1,-1,5,0,0,0,0,0,0
31,SEND,B_RESTART,1311,Ongoing,-,-,6,none,-,-1,-1,1791176385312,-1,-1,6,0,0,0,0,0,0
32,COMMIT,A_ABORT_REWIND,1843,CompleteAbort,-,InvalidTxnStateException,1,abort_failed_restart,KafkaException,111,100,1791176387284,1791176388843,1559,3,2,2,0,0,0,0
33,SEND,A_ABORT_REWIND,1386,Ongoing,-,-,13,none,-,-1,-1,1791176390559,-1,-1,6,0,0,0,0,0,0
34,COMMIT,B_RESTART,2734,CompleteAbort,-,InvalidTxnStateException,2,restart,-,112,100,1791176392797,1791176394343,1546,3,2,2,0,0,0,0
35,SEND,B_RESTART,377,Ongoing,-,-,5,none,-,-1,-1,1791176396762,-1,-1,6,0,0,0,0,0,0
36,COMMIT,A_ABORT_REWIND,2975,CompleteAbort,-,InvalidTxnStateException,29,abort_failed_restart,KafkaException,153,100,1791176397871,1791176399697,1826,3,2,2,0,0,0,0
37,SEND,A_ABORT_REWIND,838,Ongoing,-,-,4,none,-,-1,-1,1791176402398,-1,-1,6,0,0,0,0,0,0
38,COMMIT,B_RESTART,2771,CompleteAbort,-,InvalidTxnStateException,1,restart,-,116,100,1791176404064,1791176405700,1636,3,2,2,0,0,0,0
39,SEND,B_RESTART,1452,Ongoing,-,-,16,none,-,-1,-1,1791176408144,-1,-1,6,0,0,0,0,0,0
40,COMMIT,A_ABORT_REWIND,1568,Ongoing,-,-,2,none,-,-1,-1,1791176410433,-1,-1,5,0,0,0,0,0,0
41,SEND,A_ABORT_REWIND,1913,CompleteAbort,InvalidProducerEpochException,InvalidProducerEpochException,41,abort_rewind,-,-1,-1,1791176412737,1791176414584,1847,3,3,2,0,0,0,0
42,COMMIT,B_RESTART,305,Ongoing,-,-,2,none,-,-1,-1,1791176415461,-1,-1,5,0,0,0,0,0,0
43,SEND,B_RESTART,1543,Ongoing,-,-,7,none,-,-1,-1,1791176416506,-1,-1,6,0,0,0,0,0,0
44,COMMIT,A_ABORT_REWIND,108,Ongoing,-,-,2,none,-,-1,-1,1791176418811,-1,-1,5,0,0,0,0,0,0
45,SEND,A_ABORT_REWIND,1426,Ongoing,-,-,6,none,-,-1,-1,1791176419680,-1,-1,6,0,0,0,0,0,0
46,COMMIT,B_RESTART,345,Ongoing,-,-,5,none,-,-1,-1,1791176421853,-1,-1,5,0,0,0,0,0,0
47,SEND,B_RESTART,537,Ongoing,-,-,5,none,-,-1,-1,1791176423021,-1,-1,6,0,0,0,0,0,0
48,COMMIT,A_ABORT_REWIND,2579,CompleteAbort,-,InvalidTxnStateException,1,abort_failed_restart,KafkaException,115,100,1791176424371,1791176426084,1713,3,2,2,0,0,0,0
49,SEND,A_ABORT_REWIND,880,Ongoing,-,-,4,none,-,-1,-1,1791176428356,-1,-1,6,0,0,0,0,0,0
50,COMMIT,B_RESTART,2978,CompleteAbort,-,InvalidTxnStateException,2,restart,-,130,100,1791176429991,1791176431581,1590,3,2,2,0,0,0,0
51,SEND,B_RESTART,2026,CompleteAbort,InvalidProducerEpochException,InvalidProducerEpochException,2,restart,-,118,100,1791176434462,1791176436082,1620,3,3,2,0,0,0,0
52,COMMIT,A_ABORT_REWIND,1519,Ongoing,-,-,3,none,-,-1,-1,1791176437790,-1,-1,5,0,0,0,0,0,0
53,SEND,A_ABORT_REWIND,402,Ongoing,-,-,7,none,-,-1,-1,1791176440129,-1,-1,6,0,0,0,0,0,0
54,COMMIT,B_RESTART,2237,CompleteAbort,-,InvalidTxnStateException,1,restart,-,113,100,1791176441306,1791176442950,1644,3,2,2,0,0,0,0
55,SEND,B_RESTART,598,Ongoing,-,-,6,none,-,-1,-1,1791176444992,-1,-1,6,0,0,0,0,0,0
56,COMMIT,A_ABORT_REWIND,300,Ongoing,-,-,3,none,-,-1,-1,1791176446204,-1,-1,5,0,0,0,0,0,0
57,SEND,A_ABORT_REWIND,1355,Ongoing,-,-,4,none,-,-1,-1,1791176447251,-1,-1,6,0,0,0,0,0,0
58,COMMIT,B_RESTART,697,Ongoing,-,-,3,none,-,-1,-1,1791176449380,-1,-1,5,0,0,0,0,0,0
59,SEND,B_RESTART,521,Ongoing,-,-,4,none,-,-1,-1,1791176450830,-1,-1,6,0,0,0,0,0,0
60,COMMIT,A_ABORT_REWIND,2514,CompleteAbort,-,InvalidTxnStateException,8,abort_failed_restart,KafkaException,122,100,1791176452094,1791176453832,1738,3,2,2,0,0,0,0
61,SEND,A_ABORT_REWIND,2492,CompleteAbort,InvalidProducerEpochException,InvalidProducerEpochException,5,abort_rewind,-,-1,-1,1791176456030,1791176457730,1700,3,3,2,0,0,0,0
62,COMMIT,B_RESTART,525,Ongoing,-,-,4,none,-,-1,-1,1791176459224,-1,-1,5,0,0,0,0,0,0
63,SEND,B_RESTART,577,Ongoing,-,-,40,none,-,-1,-1,1791176460598,-1,-1,6,0,0,0,0,0,0
64,COMMIT,A_ABORT_REWIND,1913,CompleteAbort,-,InvalidTxnStateException,3,abort_failed_restart,KafkaException,113,100,1791176461998,1791176463731,1733,3,2,2,0,0,0,0
65,SEND,A_ABORT_REWIND,1550,Ongoing,-,-,3,none,-,-1,-1,1791176465395,-1,-1,6,0,0,0,0,0,0
66,COMMIT,B_RESTART,1433,Ongoing,-,-,4,none,-,-1,-1,1791176467563,-1,-1,5,0,0,0,0,0,0
67,SEND,B_RESTART,2806,CompleteAbort,InvalidProducerEpochException,InvalidProducerEpochException,2,restart,-,115,100,1791176469807,1791176471616,1809,3,3,2,0,0,0,0
68,COMMIT,A_ABORT_REWIND,7,Ongoing,-,-,6,none,-,-1,-1,1791176474680,-1,-1,5,0,0,0,0,0,0
69,SEND,A_ABORT_REWIND,83,Ongoing,-,-,6,none,-,-1,-1,1791176475779,-1,-1,6,0,0,0,0,0,0
70,COMMIT,B_RESTART,2300,CompleteAbort,-,InvalidTxnStateException,3,restart,-,137,100,1791176476478,1791176478003,1525,3,2,2,0,0,0,0
71,SEND,B_RESTART,455,Ongoing,-,-,10,none,-,-1,-1,1791176480613,-1,-1,6,0,0,0,0,0,0
72,COMMIT,A_ABORT_REWIND,159,Ongoing,-,-,1,none,-,-1,-1,1791176481814,-1,-1,5,0,0,0,0,0,0
73,SEND,A_ABORT_REWIND,2074,CompleteAbort,InvalidProducerEpochException,InvalidProducerEpochException,15,abort_rewind,-,-1,-1,1791176482806,1791176484505,1699,3,3,2,0,0,0,0
74,COMMIT,B_RESTART,1155,Ongoing,-,-,1,none,-,-1,-1,1791176485909,-1,-1,5,0,0,0,0,0,0
75,SEND,B_RESTART,1133,Ongoing,-,-,11,none,-,-1,-1,1791176487768,-1,-1,6,0,0,0,0,0,0
76,COMMIT,A_ABORT_REWIND,1855,CompleteAbort,-,InvalidTxnStateException,1,abort_failed_restart,KafkaException,118,100,1791176489649,1791176491503,1854,3,2,2,0,0,0,0
77,SEND,A_ABORT_REWIND,2446,CompleteAbort,InvalidProducerEpochException,InvalidProducerEpochException,4,abort_rewind,-,-1,-1,1791176492871,1791176494504,1633,3,3,2,0,0,0,0
78,COMMIT,B_RESTART,2721,CompleteAbort,-,InvalidTxnStateException,2,restart,-,119,100,1791176496095,1791176497900,1805,3,2,2,0,0,0,0
79,SEND,B_RESTART,1354,Ongoing,-,-,5,none,-,-1,-1,1791176500153,-1,-1,6,0,0,0,0,0,0
80,COMMIT,A_ABORT_REWIND,775,Ongoing,-,-,4,none,-,-1,-1,1791176502263,-1,-1,5,0,0,0,0,0,0
81,SEND,A_ABORT_REWIND,1002,Ongoing,-,-,16,none,-,-1,-1,1791176503779,-1,-1,6,0,0,0,0,0,0
82,COMMIT,B_RESTART,1824,CompleteAbort,-,InvalidTxnStateException,1,restart,-,121,100,1791176506083,1791176507779,1696,3,2,2,0,0,0,0
83,SEND,B_RESTART,92,Ongoing,-,-,2,none,-,-1,-1,1791176509257,-1,-1,6,0,0,0,0,0,0
84,COMMIT,A_ABORT_REWIND,297,Ongoing,-,-,1,none,-,-1,-1,1791176510070,-1,-1,5,0,0,0,0,0,0
85,SEND,A_ABORT_REWIND,624,Ongoing,-,-,3,none,-,-1,-1,1791176511093,-1,-1,6,0,0,0,0,0,0
86,COMMIT,B_RESTART,663,Ongoing,-,-,1,none,-,-1,-1,1791176512436,-1,-1,5,0,0,0,0,0,0
87,SEND,B_RESTART,793,Ongoing,-,-,9,none,-,-1,-1,1791176513804,-1,-1,6,0,0,0,0,0,0
88,COMMIT,A_ABORT_REWIND,1196,Ongoing,-,-,1,none,-,-1,-1,1791176515491,-1,-1,5,0,0,0,0,0,0
89,SEND,A_ABORT_REWIND,1631,Ongoing,-,-,4,none,-,-1,-1,1791176517278,-1,-1,6,0,0,0,0,0,0
90,COMMIT,B_RESTART,2249,CompleteAbort,-,InvalidTxnStateException,1,restart,-,122,100,1791176519646,1791176521166,1520,3,2,2,0,0,0,0
91,SEND,B_RESTART,1476,Ongoing,-,-,7,none,-,-1,-1,1791176523264,-1,-1,6,0,0,0,0,0,0
92,COMMIT,A_ABORT_REWIND,2516,CompleteAbort,-,InvalidTxnStateException,4,abort_failed_restart,KafkaException,121,100,1791176525554,1791176527553,1999,3,2,2,0,0,0,0
93,SEND,A_ABORT_REWIND,1201,Ongoing,-,-,4,none,-,-1,-1,1791176529319,-1,-1,6,0,0,0,0,0,0
94,COMMIT,B_RESTART,171,Ongoing,-,-,2,none,-,-1,-1,1791176531262,-1,-1,5,0,0,0,0,0,0
95,SEND,B_RESTART,995,Ongoing,-,-,6,none,-,-1,-1,1791176532117,-1,-1,6,0,0,0,0,0,0
96,COMMIT,A_ABORT_REWIND,1905,CompleteAbort,-,InvalidTxnStateException,1,abort_failed_restart,KafkaException,117,100,1791176533848,1791176535553,1705,3,2,2,0,0,0,0
97,SEND,A_ABORT_REWIND,1515,Ongoing,-,-,4,none,-,-1,-1,1791176536989,-1,-1,6,0,0,0,0,0,0
98,COMMIT,B_RESTART,1371,Ongoing,-,-,1,none,-,-1,-1,1791176539214,-1,-1,5,0,0,0,0,0,0
99,SEND,B_RESTART,2461,CompleteAbort,InvalidProducerEpochException,InvalidProducerEpochException,3,restart,-,116,100,1791176541372,1791176542937,1565,3,3,2,0,0,0,0
100,COMMIT,A_ABORT_REWIND,2072,CompleteAbort,-,InvalidTxnStateException,1,abort_failed_restart,KafkaException,114,100,1791176545309,1791176546821,1512,3,2,2,0,0,0,0
101,SEND,A_ABORT_REWIND,1949,CompleteAbort,InvalidProducerEpochException,InvalidProducerEpochException,3,abort_rewind,-,-1,-1,1791176548643,1791176550321,1678,3,3,2,0,0,0,0
102,COMMIT,B_RESTART,1650,Ongoing,-,-,1,none,-,-1,-1,1791176551358,-1,-1,5,0,0,0,0,0,0
103,SEND,B_RESTART,938,Ongoing,-,-,90,none,-,-1,-1,1791176553741,-1,-1,6,0,0,0,0,0,0
104,COMMIT,A_ABORT_REWIND,582,Ongoing,-,-,2,none,-,-1,-1,1791176555988,-1,-1,5,0,0,0,0,0,0
105,SEND,A_ABORT_REWIND,1145,Ongoing,-,-,7,none,-,-1,-1,1791176557161,-1,-1,6,0,0,0,0,0,0
106,COMMIT,B_RESTART,298,Ongoing,-,-,1,none,-,-1,-1,1791176559051,-1,-1,5,0,0,0,0,0,0
107,SEND,B_RESTART,2123,CompleteAbort,InvalidProducerEpochException,InvalidProducerEpochException,1,restart,-,108,100,1791176560060,1791176561704,1644,3,3,2,0,0,0,0
108,COMMIT,A_ABORT_REWIND,724,Ongoing,-,-,6,none,-,-1,-1,1791176563571,-1,-1,5,0,0,0,0,0,0
109,SEND,A_ABORT_REWIND,2064,CompleteAbort,InvalidProducerEpochException,InvalidProducerEpochException,4,abort_rewind,-,-1,-1,1791176565412,1791176567093,1681,3,3,2,0,0,0,0
110,COMMIT,B_RESTART,2519,CompleteAbort,-,InvalidTxnStateException,1,restart,-,110,100,1791176568094,1791176570093,1999,3,2,2,0,0,0,0
111,SEND,B_RESTART,548,Ongoing,-,-,6,none,-,-1,-1,1791176571995,-1,-1,6,0,0,0,0,0,0
112,COMMIT,A_ABORT_REWIND,922,Ongoing,-,-,4,none,-,-1,-1,1791176573278,-1,-1,5,0,0,0,0,0,0
113,SEND,A_ABORT_REWIND,2375,CompleteAbort,InvalidProducerEpochException,InvalidProducerEpochException,1,abort_rewind,-,-1,-1,1791176575026,1791176576978,1952,3,3,2,0,0,0,0
114,COMMIT,B_RESTART,2168,CompleteAbort,-,InvalidTxnStateException,4,restart,-,123,100,1791176577991,1791176579979,1988,3,2,2,0,0,0,0
115,SEND,B_RESTART,103,Ongoing,-,-,9,none,-,-1,-1,1791176581585,-1,-1,6,0,0,0,0,0,0
116,COMMIT,A_ABORT_REWIND,1911,CompleteAbort,-,InvalidTxnStateException,110,abort_failed_restart,KafkaException,328,100,1791176582453,1791176583979,1526,3,2,2,0,0,0,0
117,SEND,A_ABORT_REWIND,2490,CompleteAbort,InvalidProducerEpochException,InvalidProducerEpochException,1,abort_rewind,-,-1,-1,1791176586348,1791176587864,1516,3,3,2,0,0,0,0
118,COMMIT,B_RESTART,743,Ongoing,-,-,1,none,-,-1,-1,1791176589585,-1,-1,5,0,0,0,0,0,0
119,SEND,B_RESTART,1215,Ongoing,-,-,3,none,-,-1,-1,1791176591066,-1,-1,6,0,0,0,0,0,0
120,COMMIT,A_ABORT_REWIND,2770,CompleteAbort,-,InvalidTxnStateException,4,abort_failed_restart,KafkaException,123,100,1791176593010,1791176594863,1853,3,2,2,0,0,0,0
121,SEND,A_ABORT_REWIND,448,Ongoing,-,-,3,none,-,-1,-1,1791176597123,-1,-1,6,0,0,0,0,0,0
122,COMMIT,B_RESTART,668,Ongoing,-,-,1,none,-,-1,-1,1791176598289,-1,-1,5,0,0,0,0,0,0
123,SEND,B_RESTART,1949,CompleteAbort,InvalidProducerEpochException,InvalidProducerEpochException,3,restart,-,117,100,1791176599670,1791176601248,1578,3,3,2,0,0,0,0
124,COMMIT,A_ABORT_REWIND,2885,CompleteAbort,-,InvalidTxnStateException,2,abort_failed_restart,KafkaException,109,100,1791176602987,1791176604749,1762,3,2,2,0,0,0,0
125,SEND,A_ABORT_REWIND,555,Ongoing,-,-,7,none,-,-1,-1,1791176607108,-1,-1,6,0,0,0,0,0,0
126,COMMIT,B_RESTART,1475,Ongoing,-,-,3,none,-,-1,-1,1791176608383,-1,-1,5,0,0,0,0,0,0
127,SEND,B_RESTART,2536,CompleteAbort,InvalidProducerEpochException,InvalidProducerEpochException,3,restart,-,111,100,1791176610581,1791176612125,1544,3,3,2,0,0,0,0
128,COMMIT,A_ABORT_REWIND,950,Ongoing,-,-,1,none,-,-1,-1,1791176614801,-1,-1,5,0,0,0,0,0,0
129,SEND,A_ABORT_REWIND,1230,Ongoing,-,-,5,none,-,-1,-1,1791176616356,-1,-1,6,0,0,0,0,0,0
130,COMMIT,B_RESTART,2778,CompleteAbort,-,InvalidTxnStateException,2,restart,-,111,100,1791176618331,1791176620012,1681,3,2,2,0,0,0,0
131,SEND,B_RESTART,1436,Ongoing,-,-,21,none,-,-1,-1,1791176622510,-1,-1,6,0,0,0,0,0,0
132,COMMIT,A_ABORT_REWIND,1278,Ongoing,-,-,3,none,-,-1,-1,1791176625061,-1,-1,5,0,0,0,0,0,0
133,SEND,A_ABORT_REWIND,1893,Ongoing,-,-,4,none,-,-1,-1,1791176626941,-1,-1,6,0,0,0,0,0,0
134,COMMIT,B_RESTART,730,Ongoing,-,-,1,none,-,-1,-1,1791176629609,-1,-1,5,0,0,0,0,0,0
135,SEND,B_RESTART,1974,CompleteAbort,InvalidProducerEpochException,InvalidProducerEpochException,2,restart,-,109,100,1791176631090,1791176632890,1800,3,3,2,0,0,0,0
136,COMMIT,A_ABORT_REWIND,2942,CompleteAbort,-,InvalidTxnStateException,3,abort_failed_restart,KafkaException,115,100,1791176634928,1791176636769,1841,3,2,2,0,0,0,0
137,SEND,A_ABORT_REWIND,5,Ongoing,-,-,7,none,-,-1,-1,1791176639121,-1,-1,6,0,0,0,0,0,0
138,COMMIT,B_RESTART,59,Ongoing,-,-,3,none,-,-1,-1,1791176639895,-1,-1,5,0,0,0,0,0,0
139,SEND,B_RESTART,904,Ongoing,-,-,8,none,-,-1,-1,1791176640803,-1,-1,6,0,0,0,0,0,0
140,COMMIT,A_ABORT_REWIND,2598,CompleteAbort,-,InvalidTxnStateException,4,abort_failed_restart,KafkaException,116,100,1791176642456,1791176644269,1813,3,2,2,0,0,0,0
141,SEND,A_ABORT_REWIND,1388,Ongoing,-,-,2,none,-,-1,-1,1791176646404,-1,-1,6,0,0,0,0,0,0
142,COMMIT,B_RESTART,1819,CompleteAbort,-,InvalidTxnStateException,1,restart,-,114,100,1791176648487,1791176650271,1784,3,2,2,0,0,0,0
143,SEND,B_RESTART,1826,CompleteAbort,InvalidProducerEpochException,InvalidProducerEpochException,3,restart,-,112,100,1791176651639,1791176653269,1630,3,3,2,0,0,0,0
144,COMMIT,A_ABORT_REWIND,1271,Ongoing,-,-,1,none,-,-1,-1,1791176655267,-1,-1,5,0,0,0,0,0,0
145,SEND,A_ABORT_REWIND,2946,CompleteAbort,InvalidProducerEpochException,InvalidProducerEpochException,2,abort_rewind,-,-1,-1,1791176657255,1791176658770,1515,3,3,2,0,0,0,0
146,COMMIT,B_RESTART,1576,Ongoing,-,-,2,none,-,-1,-1,1791176660982,-1,-1,5,0,0,0,0,0,0
147,SEND,B_RESTART,2413,CompleteAbort,InvalidProducerEpochException,InvalidProducerEpochException,2,restart,-,111,100,1791176663262,1791176664770,1508,3,3,2,0,0,0,0
148,COMMIT,A_ABORT_REWIND,928,Ongoing,-,-,2,none,-,-1,-1,1791176666863,-1,-1,5,0,0,0,0,0,0
149,SEND,A_ABORT_REWIND,2625,CompleteAbort,InvalidProducerEpochException,InvalidProducerEpochException,1,abort_rewind,-,-1,-1,1791176668524,1791176670112,1588,3,3,2,0,0,0,0
150,COMMIT,B_RESTART,955,Ongoing,-,-,6,none,-,-1,-1,1791176671897,-1,-1,5,0,0,0,0,0,0
151,SEND,B_RESTART,1687,CompleteAbort,InvalidProducerEpochException,InvalidProducerEpochException,12,restart,-,120,100,1791176673607,1791176675112,1505,3,3,2,0,0,0,0
152,COMMIT,A_ABORT_REWIND,2260,CompleteAbort,-,InvalidTxnStateException,1,abort_failed_restart,KafkaException,113,100,1791176676590,1791176678494,1904,3,2,2,0,0,0,0
153,SEND,A_ABORT_REWIND,2094,CompleteAbort,InvalidProducerEpochException,InvalidProducerEpochException,3,abort_rewind,-,-1,-1,1791176680260,1791176681995,1735,3,3,2,0,0,0,0
154,COMMIT,B_RESTART,2261,CompleteAbort,-,InvalidTxnStateException,5,restart,-,191,100,1791176683108,1791176684995,1887,3,2,2,0,0,0,0
155,SEND,B_RESTART,2240,CompleteAbort,InvalidProducerEpochException,InvalidProducerEpochException,1,restart,-,119,100,1791176686770,1791176688393,1623,3,3,2,0,0,0,0
156,COMMIT,A_ABORT_REWIND,1830,Ongoing,-,-,3,none,-,-1,-1,1791176690407,-1,-1,5,0,0,0,0,0,0
157,SEND,A_ABORT_REWIND,2067,CompleteAbort,InvalidProducerEpochException,InvalidProducerEpochException,2,abort_rewind,-,-1,-1,1791176693004,1791176694894,1890,3,3,2,0,0,0,0
158,COMMIT,B_RESTART,2274,CompleteAbort,-,InvalidTxnStateException,1,restart,-,113,100,1791176695819,1791176697771,1952,3,2,2,0,0,0,0
159,SEND,B_RESTART,323,Ongoing,-,-,5,none,-,-1,-1,1791176699346,-1,-1,6,0,0,0,0,0,0
160,COMMIT,A_ABORT_REWIND,533,Ongoing,-,-,1,none,-,-1,-1,1791176700403,-1,-1,5,0,0,0,0,0,0
161,SEND,A_ABORT_REWIND,1485,Ongoing,-,-,8,none,-,-1,-1,1791176701651,-1,-1,6,0,0,0,0,0,0
162,COMMIT,B_RESTART,1307,Ongoing,-,-,1,none,-,-1,-1,1791176703895,-1,-1,5,0,0,0,0,0,0
163,SEND,B_RESTART,1040,Ongoing,-,-,3,none,-,-1,-1,1791176705935,-1,-1,6,0,0,0,0,0,0
164,COMMIT,A_ABORT_REWIND,1228,Ongoing,-,-,1,none,-,-1,-1,1791176707564,-1,-1,5,0,0,0,0,0,0
165,SEND,A_ABORT_REWIND,2952,CompleteAbort,InvalidProducerEpochException,InvalidProducerEpochException,2,abort_rewind,-,-1,-1,1791176709527,1791176711151,1624,3,3,2,0,0,0,0
166,COMMIT,B_RESTART,175,Ongoing,-,-,6,none,-,-1,-1,1791176713270,-1,-1,5,0,0,0,0,0,0
167,SEND,B_RESTART,1615,Ongoing,-,-,3,none,-,-1,-1,1791176714211,-1,-1,6,0,0,0,0,0,0
168,COMMIT,A_ABORT_REWIND,2397,CompleteAbort,-,InvalidTxnStateException,2,abort_failed_restart,KafkaException,110,100,1791176716440,1791176718029,1589,3,2,2,0,0,0,0
169,SEND,A_ABORT_REWIND,746,Ongoing,-,-,3,none,-,-1,-1,1791176720261,-1,-1,6,0,0,0,0,0,0
170,COMMIT,B_RESTART,2900,CompleteAbort,-,InvalidTxnStateException,4,restart,-,127,100,1791176721721,1791176723531,1810,3,2,2,0,0,0,0
171,SEND,B_RESTART,683,Ongoing,-,-,3,none,-,-1,-1,1791176726087,-1,-1,6,0,0,0,0,0,0
172,COMMIT,A_ABORT_REWIND,2763,CompleteAbort,-,InvalidTxnStateException,3,abort_failed_restart,KafkaException,118,100,1791176727486,1791176729406,1920,3,2,2,0,0,0,0
173,SEND,A_ABORT_REWIND,1628,Ongoing,-,-,11,none,-,-1,-1,1791176731647,-1,-1,6,0,0,0,0,0,0
174,COMMIT,B_RESTART,2723,CompleteAbort,-,InvalidTxnStateException,1,restart,-,111,100,1791176734073,1791176735904,1831,3,2,2,0,0,0,0
175,SEND,B_RESTART,1996,CompleteAbort,InvalidProducerEpochException,InvalidProducerEpochException,1,restart,-,114,100,1791176738023,1791176739789,1766,3,3,2,0,0,0,0
176,COMMIT,A_ABORT_REWIND,996,Ongoing,-,-,1,none,-,-1,-1,1791176741535,-1,-1,5,0,0,0,0,0,0
177,SEND,A_ABORT_REWIND,2288,CompleteAbort,InvalidProducerEpochException,InvalidProducerEpochException,7,abort_rewind,-,-1,-1,1791176743250,1791176744789,1539,3,3,2,0,0,0,0
178,COMMIT,B_RESTART,1384,Ongoing,-,-,1,none,-,-1,-1,1791176746299,-1,-1,5,0,0,0,0,0,0
179,SEND,B_RESTART,1585,Ongoing,-,-,4,none,-,-1,-1,1791176748371,-1,-1,6,0,0,0,0,0,0
180,COMMIT,A_ABORT_REWIND,903,Ongoing,-,-,1,none,-,-1,-1,1791176750680,-1,-1,5,0,0,0,0,0,0
181,SEND,A_ABORT_REWIND,816,Ongoing,-,-,3,none,-,-1,-1,1791176752295,-1,-1,6,0,0,0,0,0,0
182,COMMIT,B_RESTART,2523,CompleteAbort,-,InvalidTxnStateException,0,restart,-,105,100,1791176753809,1791176755784,1975,3,2,2,0,0,0,0
183,SEND,B_RESTART,556,Ongoing,-,-,4,none,-,-1,-1,1791176757538,-1,-1,6,0,0,0,0,0,0
184,COMMIT,A_ABORT_REWIND,1872,CompleteAbort,-,InvalidTxnStateException,1,abort_failed_restart,KafkaException,111,100,1791176758789,1791176760667,1878,3,2,2,0,0,0,0
185,SEND,A_ABORT_REWIND,948,Ongoing,-,-,3,none,-,-1,-1,1791176762015,-1,-1,6,0,0,0,0,0,0
186,COMMIT,B_RESTART,1659,Ongoing,-,-,6,none,-,-1,-1,1791176763710,-1,-1,5,0,0,0,0,0,0
187,SEND,B_RESTART,57,Ongoing,-,-,4,none,-,-1,-1,1791176766032,-1,-1,6,0,0,0,0,0,0
188,COMMIT,A_ABORT_REWIND,1804,CompleteAbort,-,InvalidTxnStateException,1,abort_failed_restart,KafkaException,108,100,1791176766796,1791176768547,1751,3,2,2,0,0,0,0
189,SEND,A_ABORT_REWIND,23,Ongoing,-,-,2,none,-,-1,-1,1791176769974,-1,-1,6,0,0,0,0,0,0
190,COMMIT,B_RESTART,291,Ongoing,-,-,1,none,-,-1,-1,1791176770716,-1,-1,5,0,0,0,0,0,0
191,SEND,B_RESTART,1718,Ongoing,-,-,6,none,-,-1,-1,1791176771725,-1,-1,6,0,0,0,0,0,0
192,COMMIT,A_ABORT_REWIND,320,Ongoing,-,-,17,none,-,-1,-1,1791176774248,-1,-1,5,0,0,0,0,0,0
193,SEND,A_ABORT_REWIND,2671,CompleteAbort,InvalidProducerEpochException,InvalidProducerEpochException,5,abort_rewind,-,-1,-1,1791176775399,1791176776921,1522,3,3,2,0,0,0,0
194,COMMIT,B_RESTART,413,Ongoing,-,-,2,none,-,-1,-1,1791176778717,-1,-1,5,0,0,0,0,0,0
195,SEND,B_RESTART,984,Ongoing,-,-,4,none,-,-1,-1,1791176779865,-1,-1,6,0,0,0,0,0,0
196,COMMIT,A_ABORT_REWIND,1692,Ongoing,-,-,4,none,-,-1,-1,1791176781585,-1,-1,5,0,0,0,0,0,0
197,SEND,A_ABORT_REWIND,1095,Ongoing,-,-,23,none,-,-1,-1,1791176784161,-1,-1,6,0,0,0,0,0,0
198,COMMIT,B_RESTART,1071,Ongoing,-,-,1,none,-,-1,-1,1791176786051,-1,-1,5,0,0,0,0,0,0
199,SEND,B_RESTART,2166,CompleteAbort,InvalidProducerEpochException,InvalidProducerEpochException,1,restart,-,120,100,1791176787716,1791176789295,1579,3,3,2,0,0,0,0
200,COMMIT,A_ABORT_REWIND,1673,CompleteAbort,-,InvalidTxnStateException,1,abort_failed_restart,KafkaException,108,100,1791176791286,1791176792793,1507,3,2,2,0,0,0,0
201,SEND,A_ABORT_REWIND,2612,CompleteAbort,InvalidProducerEpochException,InvalidProducerEpochException,2,abort_rewind,-,-1,-1,1791176794863,1791176796666,1803,3,3,2,0,0,0,0
202,COMMIT,B_RESTART,1484,Ongoing,-,-,3,none,-,-1,-1,1791176798144,-1,-1,5,0,0,0,0,0,0
203,SEND,B_RESTART,1855,CompleteAbort,InvalidProducerEpochException,InvalidProducerEpochException,2,restart,-,118,100,1791176800364,1791176802167,1803,3,3,2,0,0,0,0
204,COMMIT,A_ABORT_REWIND,2270,CompleteAbort,-,InvalidTxnStateException,1,abort_failed_restart,KafkaException,113,100,1791176803594,1791176805167,1573,3,2,2,0,0,0,0
205,SEND,A_ABORT_REWIND,1631,Ongoing,-,-,10,none,-,-1,-1,1791176807247,-1,-1,6,0,0,0,0,0,0
206,COMMIT,B_RESTART,2772,CompleteAbort,-,InvalidTxnStateException,1,restart,-,110,100,1791176809601,1791176811168,1567,3,2,2,0,0,0,0
207,SEND,B_RESTART,2437,CompleteAbort,InvalidProducerEpochException,InvalidProducerEpochException,2,restart,-,108,100,1791176813696,1791176815666,1970,3,3,2,0,0,0,0
208,COMMIT,A_ABORT_REWIND,2401,CompleteAbort,-,InvalidTxnStateException,3,abort_failed_restart,KafkaException,111,100,1791176817313,1791176819031,1718,3,2,2,0,0,0,0
209,SEND,A_ABORT_REWIND,736,Ongoing,-,-,5,none,-,-1,-1,1791176821097,-1,-1,6,0,0,0,0,0,0
210,COMMIT,B_RESTART,1450,Ongoing,-,-,11,none,-,-1,-1,1791176822560,-1,-1,5,0,0,0,0,0,0
211,SEND,B_RESTART,956,Ongoing,-,-,8,none,-,-1,-1,1791176824851,-1,-1,6,0,0,0,0,0,0
212,COMMIT,A_ABORT_REWIND,2427,CompleteAbort,-,InvalidTxnStateException,1,abort_failed_restart,KafkaException,111,100,1791176826455,1791176828410,1955,3,2,2,0,0,0,0
213,SEND,A_ABORT_REWIND,746,Ongoing,-,-,6,none,-,-1,-1,1791176830240,-1,-1,6,0,0,0,0,0,0
214,COMMIT,B_RESTART,510,Ongoing,-,-,2,none,-,-1,-1,1791176831711,-1,-1,5,0,0,0,0,0,0
215,SEND,B_RESTART,347,Ongoing,-,-,1,none,-,-1,-1,1791176832949,-1,-1,6,0,0,0,0,0,0
216,COMMIT,A_ABORT_REWIND,672,Ongoing,-,-,8,none,-,-1,-1,1791176833991,-1,-1,5,0,0,0,0,0,0
217,SEND,A_ABORT_REWIND,1798,Ongoing,-,-,8,none,-,-1,-1,1791176835511,-1,-1,6,0,0,0,0,0,0
218,COMMIT,B_RESTART,2261,CompleteAbort,-,InvalidTxnStateException,0,restart,-,117,100,1791176838034,1791176839908,1874,3,2,2,0,0,0,0
219,SEND,B_RESTART,2260,CompleteAbort,InvalidProducerEpochException,InvalidProducerEpochException,4,restart,-,111,100,1791176841638,1791176843408,1770,3,3,2,0,0,0,0
220,COMMIT,A_ABORT_REWIND,2236,CompleteAbort,-,InvalidTxnStateException,1,abort_failed_restart,KafkaException,110,100,1791176845382,1791176847279,1897,3,2,2,0,0,0,0
221,SEND,A_ABORT_REWIND,408,Ongoing,-,-,1,none,-,-1,-1,1791176848819,-1,-1,6,0,0,0,0,0,0
222,COMMIT,B_RESTART,922,Ongoing,-,-,2,none,-,-1,-1,1791176849922,-1,-1,5,0,0,0,0,0,0
223,SEND,B_RESTART,2167,CompleteAbort,InvalidProducerEpochException,InvalidProducerEpochException,4,restart,-,128,100,1791176851553,1791176853281,1728,3,3,2,0,0,0,0
224,COMMIT,A_ABORT_REWIND,743,Ongoing,-,-,1,none,-,-1,-1,1791176855198,-1,-1,5,0,0,0,0,0,0
225,SEND,A_ABORT_REWIND,1288,Ongoing,-,-,4,none,-,-1,-1,1791176856529,-1,-1,6,0,0,0,0,0,0
226,COMMIT,B_RESTART,485,Ongoing,-,-,1,none,-,-1,-1,1791176858549,-1,-1,5,0,0,0,0,0,0
227,SEND,B_RESTART,2308,CompleteAbort,InvalidProducerEpochException,InvalidProducerEpochException,3,restart,-,115,100,1791176859763,1791176861656,1893,3,3,2,0,0,0,0
228,COMMIT,A_ABORT_REWIND,2031,CompleteAbort,-,InvalidTxnStateException,1,abort_failed_restart,KafkaException,112,100,1791176863455,1791176865157,1702,3,2,2,0,0,0,0
229,SEND,A_ABORT_REWIND,1336,Ongoing,-,-,2,none,-,-1,-1,1791176866708,-1,-1,6,0,0,0,0,0,0
230,COMMIT,B_RESTART,2424,CompleteAbort,-,InvalidTxnStateException,2,restart,-,115,100,1791176868797,1791176870512,1715,3,2,2,0,0,0,0
231,SEND,B_RESTART,1219,Ongoing,-,-,3,none,-,-1,-1,1791176872604,-1,-1,6,0,0,0,0,0,0
232,COMMIT,A_ABORT_REWIND,336,Ongoing,-,-,2,none,-,-1,-1,1791176874578,-1,-1,5,0,0,0,0,0,0
233,SEND,A_ABORT_REWIND,1706,Ongoing,-,InvalidTxnStateException,462,abort_failed_restart,KafkaException,182,100,1791176875627,1791176877576,1949,3,3,3,0,0,0,0
234,COMMIT,B_RESTART,2491,CompleteAbort,-,InvalidTxnStateException,5,restart,-,122,100,1791176879642,1791176881390,1748,3,2,2,0,0,0,0
235,SEND,B_RESTART,2119,CompleteAbort,InvalidProducerEpochException,InvalidProducerEpochException,1,restart,-,121,100,1791176883605,1791176885390,1785,3,3,2,0,0,0,0
236,COMMIT,A_ABORT_REWIND,1051,Ongoing,-,-,2,none,-,-1,-1,1791176887052,-1,-1,5,0,0,0,0,0,0
237,SEND,A_ABORT_REWIND,2179,CompleteAbort,InvalidProducerEpochException,InvalidProducerEpochException,3,abort_rewind,-,-1,-1,1791176888878,1791176890719,1841,3,3,2,0,0,0,0
238,COMMIT,B_RESTART,99,Ongoing,-,-,1,none,-,-1,-1,1791176891795,-1,-1,5,0,0,0,0,0,0
239,SEND,B_RESTART,307,Ongoing,-,-,8,none,-,-1,-1,1791176892601,-1,-1,6,0,0,0,0,0,0
